年月日,收盤價(元)
2007/12/26,25.15
2007/12/27,25.43
2007/12/28,25.6
2007/12/31,26.04
2008/1/2,25.75
2008/1/3,25.4
2008/1/4,25.45
2008/1/7,25.05
2008/1/8,25.36
2008/1/9,25.56
2008/1/10,25.75
2008/1/11,25.8
2008/1/14,25.9
2008/1/15,26.22
2008/1/16,25.75
2008/1/17,25.04
2008/1/18,25.05
2008/1/21,24.89
2008/1/22,23.5
2008/1/23,23.01
2008/1/24,23.41
2008/1/25,23.8
2008/1/28,22.9
2008/1/29,22.73
2008/1/30,22.74
2008/1/31,22.73
2008/2/1,23.05
2008/2/12,22.92
2008/2/13,22.8
2008/2/14,23.5
2008/2/15,23.5
2008/2/18,23.66
2008/2/19,23.93
2008/2/20,23.67
2008/2/21,23.79
2008/2/22,23.8
2008/2/25,24.25
2008/2/26,24.5
2008/2/27,24.55
2008/2/29,24.75
2008/3/3,24.64
2008/3/4,24.96
2008/3/5,25.0
2008/3/6,25.5
2008/3/7,25.3
2008/3/10,24.97
2008/3/11,24.95
2008/3/12,25.11
2008/3/13,24.88
2008/3/14,24.63
2008/3/17,24.2
2008/3/18,24.25
2008/3/19,24.3
2008/3/20,24.6
2008/3/21,24.99
2008/3/24,25.79
2008/3/25,25.71
2008/3/26,25.7
2008/3/27,25.26
2008/3/28,25.73
2008/3/31,25.5
2008/4/1,25.45
2008/4/2,25.56
2008/4/3,25.5
2008/4/7,25.63
2008/4/8,25.6
2008/4/9,25.55
2008/4/10,25.75
2008/4/11,25.98
2008/4/14,26.16
2008/4/15,26.25
2008/4/16,26.74
2008/4/17,26.82
2008/4/18,26.65
2008/4/21,26.6
2008/4/22,26.7
2008/4/23,26.6
2008/4/24,26.6
2008/4/25,26.65
2008/4/28,26.75
2008/4/29,26.5
2008/4/30,26.3
2008/5/2,26.63
2008/5/5,26.32
2008/5/6,26.25
2008/5/7,26.28
2008/5/8,26.25
2008/5/9,26.15
2008/5/12,26.05
2008/5/13,26.6
2008/5/14,26.65
2008/5/15,26.97
2008/5/16,27.08
2008/5/19,27.5
2008/5/20,27.09
2008/5/21,26.9
2008/5/22,26.87
2008/5/23,26.39
2008/5/26,26.12
2008/5/27,26.14
2008/5/28,26.12
2008/5/29,25.96
2008/5/30,25.73
2008/6/2,25.62
2008/6/3,25.33
2008/6/4,25.41
2008/6/5,25.75
2008/6/6,25.9
2008/6/9,25.7
2008/6/10,25.05
2008/6/11,24.94
2008/6/12,23.91
2008/6/13,23.82
2008/6/16,24.14
2008/6/17,24.19
2008/6/18,24.2
2008/6/19,23.89
2008/6/20,23.47
2008/6/23,23.23
2008/6/24,23.0
2008/6/25,23.25
2008/6/26,23.08
2008/6/27,23.0
2008/6/30,22.9
2008/7/1,22.48
2008/7/2,22.53
2008/7/3,22.6
2008/7/4,22.1
2008/7/7,22.4
2008/7/8,21.41
2008/7/9,21.41
2008/7/10,21.62
2008/7/11,22.05
2008/7/14,21.94
2008/7/15,21.26
2008/7/16,21.0
2008/7/17,21.32
2008/7/18,20.68
2008/7/21,21.38
2008/7/22,21.3
2008/7/23,22.1
2008/7/24,22.19
2008/7/25,21.98
2008/7/29,21.5
2008/7/30,21.7
2008/7/31,21.47
2008/8/1,21.33
2008/8/4,21.19
2008/8/5,20.82
2008/8/6,21.17
2008/8/7,21.1
2008/8/8,21.45
2008/8/11,21.81
2008/8/12,21.81
2008/8/13,21.92
2008/8/14,22.31
2008/8/15,21.95
2008/8/18,21.6
2008/8/19,21.53
2008/8/20,21.6
2008/8/21,21.31
2008/8/22,21.3
2008/8/25,21.5
2008/8/26,21.4
2008/8/27,21.74
2008/8/28,21.8
2008/8/29,21.9
2008/9/1,21.43
2008/9/2,21.35
2008/9/3,20.74
2008/9/4,20.1
2008/9/5,19.6
2008/9/8,20.9
2008/9/9,19.9
2008/9/10,20.03
2008/9/11,19.26
2008/9/12,19.31
2008/9/15,18.4
2008/9/16,17.25
2008/9/17,17.48
2008/9/18,16.8
2008/9/19,17.97
2008/9/22,18.48
2008/9/23,18.54
2008/9/24,18.54
2008/9/25,18.32
2008/9/26,17.81
2008/9/30,17.0
2008/10/1,17.35
2008/10/2,17.26
2008/10/3,17.42
2008/10/6,16.71
2008/10/7,16.93
2008/10/8,16.05
2008/10/9,15.6
2008/10/13,15.2
2008/10/14,16.26
2008/10/15,15.76
2008/10/16,15.21
2008/10/17,14.8
2008/10/20,14.66
2008/10/21,14.74
2008/10/22,14.26
2008/10/23,13.78
2008/10/24,13.3
2008/10/27,12.55
2008/10/28,13.39
2008/10/29,13.39
2008/10/30,14.32
2008/10/31,14.65
2008/11/3,15.06
2008/11/4,15.2
2008/11/5,15.15
2008/11/6,14.1
2008/11/7,14.5
2008/11/10,14.49
2008/11/11,14.4
2008/11/12,14.1
2008/11/13,13.42
2008/11/14,14.04
2008/11/17,13.85
2008/11/18,13.4
2008/11/19,13.41
2008/11/20,12.85
2008/11/21,12.98
2008/11/24,12.65
2008/11/25,12.95
2008/11/26,13.0
2008/11/27,13.52
2008/11/28,13.45
2008/12/1,13.7
2008/12/2,13.14
2008/12/3,13.1
2008/12/4,12.89
2008/12/5,12.8
2008/12/8,13.5
2008/12/9,13.51
2008/12/10,14.05
2008/12/11,14.05
2008/12/12,13.38
2008/12/15,13.9
2008/12/16,13.8
2008/12/17,13.9
2008/12/18,14.0
2008/12/19,14.14
2008/12/22,13.6
2008/12/23,13.15
2008/12/24,13.2
2008/12/25,13.18
2008/12/26,13.28
2008/12/29,13.19
2008/12/30,13.66
2008/12/31,13.49
2009/1/5,13.92
2009/1/6,14.04
2009/1/7,14.28
2009/1/8,13.61
2009/1/9,13.6
2009/1/10,13.7
2009/1/12,13.7
2009/1/13,13.8
2009/1/14,13.7
2009/1/15,13.2
2009/1/16,13.21
2009/1/17,13.45
2009/1/19,13.3
2009/1/20,13.19
2009/1/21,13.13
2009/2/2,13.19
2009/2/3,13.38
2009/2/4,13.5
2009/2/5,13.64
2009/2/6,13.8
2009/2/9,13.94
2009/2/10,14.05
2009/2/11,14.2
2009/2/12,13.8
2009/2/13,14.19
2009/2/16,14.1
2009/2/17,13.92
2009/2/18,13.9
2009/2/19,14.08
2009/2/20,13.8
2009/2/23,13.86
2009/2/24,13.8
2009/2/25,13.9
2009/2/26,13.98
2009/2/27,14.12
2009/3/2,13.82
2009/3/3,14.02
2009/3/4,14.26
2009/3/5,14.65
2009/3/6,14.7
2009/3/9,14.8
2009/3/10,15.02
2009/3/11,15.14
2009/3/12,15.14
2009/3/13,15.55
2009/3/16,15.7
2009/3/17,15.83
2009/3/18,15.79
2009/3/19,15.65
2009/3/20,15.6
2009/3/23,16.1
2009/3/24,16.35
2009/3/25,16.7
2009/3/26,16.7
2009/3/27,16.51
2009/3/30,16.0
2009/3/31,16.01
2009/4/1,16.45
2009/4/2,16.76
2009/4/3,16.95
2009/4/6,17.1
2009/4/7,17.29
2009/4/8,17.01
2009/4/9,17.6
2009/4/10,17.92
2009/4/13,18.1
2009/4/14,18.16
2009/4/15,18.13
2009/4/16,18.46
2009/4/17,17.49
2009/4/20,17.51
2009/4/21,18.0
2009/4/22,18.21
2009/4/23,18.16
2009/4/24,18.12
2009/4/27,17.67
2009/4/28,17.1
2009/4/29,17.13
2009/4/30,18.32
2009/5/4,19.6
2009/5/5,19.1
2009/5/6,19.55
2009/5/7,19.99
2009/5/8,19.95
2009/5/11,20.22
2009/5/12,19.36
2009/5/13,19.6
2009/5/14,19.31
2009/5/15,19.6
2009/5/18,19.82
2009/5/19,19.88
2009/5/20,19.98
2009/5/21,19.99
2009/5/22,19.96
2009/5/25,20.06
2009/5/26,19.87
2009/5/27,20.41
2009/6/1,20.55
2009/6/2,20.65
2009/6/3,20.52
2009/6/4,20.38
2009/6/5,20.39
2009/6/6,20.4
2009/6/8,19.9
2009/6/9,19.15
2009/6/10,19.26
2009/6/11,19.52
2009/6/12,19.45
2009/6/15,18.61
2009/6/16,18.7
2009/6/17,18.67
2009/6/18,18.49
2009/6/19,18.77
2009/6/22,18.96
2009/6/23,18.7
2009/6/24,19.05
2009/6/25,19.33
2009/6/26,19.45
2009/6/29,19.32
2009/6/30,19.26
2009/7/1,19.62
2009/7/2,19.9
2009/7/3,20.1
2009/7/6,20.11
2009/7/7,20.26
2009/7/8,20.25
2009/7/9,20.42
2009/7/10,20.5
2009/7/13,19.86
2009/7/14,20.2
2009/7/15,20.8
2009/7/16,20.9
2009/7/17,21.04
2009/7/20,21.34
2009/7/21,21.49
2009/7/22,21.56
2009/7/23,21.53
2009/7/24,21.6
2009/7/27,21.75
2009/7/28,22.15
2009/7/29,22.05
2009/7/30,22.0
2009/7/31,22.0
2009/8/3,22.14
2009/8/4,21.8
2009/8/5,21.55
2009/8/6,21.5
2009/8/10,21.62
2009/8/11,21.72
2009/8/12,21.67
2009/8/13,22.05
2009/8/14,22.16
2009/8/17,21.85
2009/8/18,21.22
2009/8/19,21.42
2009/8/20,21.04
2009/8/21,20.95
2009/8/24,21.5
2009/8/25,21.22
2009/8/26,21.0
2009/8/27,20.94
2009/8/28,21.2
2009/8/31,21.3
2009/9/1,21.78
2009/9/2,21.84
2009/9/3,22.16
2009/9/4,22.35
2009/9/7,22.45
2009/9/8,22.68
2009/9/9,22.55
2009/9/10,22.58
2009/9/11,22.75
2009/9/14,22.55
2009/9/15,22.6
2009/9/16,22.9
2009/9/17,23.0
2009/9/18,23.09
2009/9/21,23.12
2009/9/22,23.0
2009/9/23,22.7
2009/9/24,22.65
2009/9/25,22.62
2009/9/28,22.45
2009/9/29,22.62
2009/9/30,22.79
2009/10/1,23.1
2009/10/2,22.8
2009/10/5,22.9
2009/10/6,23.13
2009/10/7,23.6
2009/10/8,23.5
2009/10/9,23.5
2009/10/12,23.84
2009/10/13,23.75
2009/10/14,24.05
2009/10/15,24.0
2009/10/16,24.2
2009/10/19,24.16
2009/10/20,24.0
2009/10/21,23.9
2009/10/22,23.63
2009/10/23,21.76
2009/10/26,21.66
2009/10/27,21.54
2009/10/28,21.4
2009/10/29,20.88
2009/10/30,20.93
2009/11/2,20.81
2009/11/3,20.83
2009/11/4,21.2
2009/11/5,21.1
2009/11/6,21.24
2009/11/9,21.25
2009/11/10,21.42
2009/11/11,21.5
2009/11/12,21.61
2009/11/13,21.59
2009/11/16,21.8
2009/11/17,21.82
2009/11/18,22.0
2009/11/19,22.05
2009/11/20,21.82
2009/11/23,21.71
2009/11/24,21.85
2009/11/25,22.0
2009/11/26,22.0
2009/11/27,21.37
2009/11/30,21.62
2009/12/1,21.68
2009/12/2,21.8
2009/12/3,21.77
2009/12/4,21.72
2009/12/7,21.9
2009/12/8,21.83
2009/12/9,21.97
2009/12/10,21.72
2009/12/11,22.1
2009/12/14,22.32
2009/12/15,22.28
2009/12/16,22.1
2009/12/17,22.05
2009/12/18,22.0
2009/12/21,22.23
2009/12/22,22.34
2009/12/23,22.35
2009/12/24,22.51
2009/12/25,22.55
2009/12/28,22.7
2009/12/29,22.66
2009/12/30,23.0
2009/12/31,23.4
2010/1/4,23.5
2010/1/5,23.4
2010/1/6,23.75
2010/1/7,23.55
2010/1/8,23.8
2010/1/11,24.05
2010/1/12,23.92
2010/1/13,23.66
2010/1/14,24.0
2010/1/15,24.12
2010/1/18,24.01
2010/1/19,23.99
2010/1/20,23.7
2010/1/21,23.47
2010/1/22,23.05
2010/1/25,22.96
2010/1/26,22.54
2010/1/27,22.1
2010/1/28,22.49
2010/1/29,22.35
2010/2/1,22.14
2010/2/2,22.0
2010/2/3,22.27
2010/2/4,22.2
2010/2/5,21.21
2010/2/6,21.34
2010/2/8,21.35
2010/2/9,21.75
2010/2/10,21.95
2010/2/22,22.1
2010/2/23,22.28
2010/2/24,22.08
2010/2/25,21.97
2010/2/26,21.9
2010/3/1,22.35
2010/3/2,22.15
2010/3/3,22.3
2010/3/4,22.15
2010/3/5,22.4
2010/3/8,22.69
2010/3/9,22.59
2010/3/10,22.69
2010/3/11,22.48
2010/3/12,22.41
2010/3/15,22.23
2010/3/16,22.27
2010/3/17,22.5
2010/3/18,22.65
2010/3/19,22.68
2010/3/22,22.7
2010/3/23,22.65
2010/3/24,22.65
2010/3/25,22.7
2010/3/26,22.7
2010/3/29,22.71
2010/3/30,22.69
2010/3/31,22.8
2010/4/1,22.97
2010/4/2,22.96
2010/4/6,23.12
2010/4/7,23.32
2010/4/8,23.23
2010/4/9,23.26
2010/4/12,23.25
2010/4/13,23.01
2010/4/14,23.2
2010/4/15,23.31
2010/4/16,23.38
2010/4/19,22.71
2010/4/20,23.0
2010/4/21,23.05
2010/4/22,23.0
2010/4/23,23.02
2010/4/26,23.35
2010/4/27,23.36
2010/4/28,23.32
2010/4/29,23.37
2010/4/30,23.34
2010/5/3,23.3
2010/5/4,23.28
2010/5/5,22.93
2010/5/6,22.7
2010/5/7,22.5
2010/5/10,22.7
2010/5/11,22.52
2010/5/12,22.52
2010/5/13,22.74
2010/5/14,22.86
2010/5/17,22.41
2010/5/18,22.36
2010/5/19,22.58
2010/5/20,22.3
2010/5/21,21.8
2010/5/24,21.97
2010/5/25,21.41
2010/5/26,21.45
2010/5/27,21.6
2010/5/28,21.76
2010/5/31,21.87
2010/6/1,21.8
2010/6/2,21.53
2010/6/3,21.8
2010/6/4,21.74
2010/6/7,21.5
2010/6/8,21.52
2010/6/9,21.54
2010/6/10,21.63
2010/6/11,21.88
2010/6/14,21.91
2010/6/15,22.15
2010/6/17,22.25
2010/6/18,22.28
2010/6/21,22.56
2010/6/22,22.56
2010/6/23,22.35
2010/6/24,22.45
2010/6/25,22.24
2010/6/28,22.26
2010/6/29,22.12
2010/6/30,21.9
2010/7/1,21.85
2010/7/2,22.04
2010/7/5,22.18
2010/7/6,22.52
2010/7/7,22.64
2010/7/8,22.96
2010/7/9,23.0
2010/7/12,23.03
2010/7/13,23.0
2010/7/14,23.18
2010/7/15,23.2
2010/7/16,23.19
2010/7/19,23.15
2010/7/20,23.43
2010/7/21,23.39
2010/7/22,23.23
2010/7/23,23.6
2010/7/26,23.6
2010/7/27,23.78
2010/7/28,23.96
2010/7/29,24.0
2010/7/30,23.9
2010/8/2,24.2
2010/8/3,24.24
2010/8/4,24.2
2010/8/5,24.16
2010/8/6,24.2
2010/8/9,24.36
2010/8/10,24.34
2010/8/11,24.06
2010/8/12,23.9
2010/8/13,24.12
2010/8/16,24.1
2010/8/17,24.19
2010/8/18,24.55
2010/8/19,24.47
2010/8/20,24.59
2010/8/23,24.82
2010/8/24,24.76
2010/8/25,24.1
2010/8/26,24.15
2010/8/27,24.15
2010/8/30,24.28
2010/8/31,23.9
2010/9/1,24.01
2010/9/2,24.16
2010/9/3,24.34
2010/9/6,24.41
2010/9/7,24.36
2010/9/8,24.23
2010/9/9,24.45
2010/9/10,24.57
2010/9/13,25.0
2010/9/14,25.2
2010/9/15,25.26
2010/9/16,25.29
2010/9/17,25.3
2010/9/20,25.31
2010/9/21,25.3
2010/9/23,25.27
2010/9/24,25.15
2010/9/27,25.25
2010/9/28,25.2
2010/9/29,25.35
2010/9/30,25.3
2010/10/1,25.39
2010/10/4,25.4
2010/10/5,25.49
2010/10/6,25.84
2010/10/7,25.82
2010/10/8,25.75
2010/10/11,25.67
2010/10/12,25.55
2010/10/13,25.45
2010/10/14,25.9
2010/10/15,26.04
2010/10/18,25.55
2010/10/19,25.53
2010/10/20,25.75
2010/10/21,25.8
2010/10/22,25.83
2010/10/25,26.2
2010/10/26,26.4
2010/10/27,26.3
2010/10/28,26.32
2010/10/29,26.3
2010/11/1,26.5
2010/11/2,26.5
2010/11/3,26.33
2010/11/4,26.5
2010/11/5,26.89
2010/11/8,27.14
2010/11/9,27.11
2010/11/10,26.86
2010/11/11,26.97
2010/11/12,26.69
2010/11/15,26.29
2010/11/16,26.47
2010/11/17,26.32
2010/11/18,26.43
2010/11/19,26.56
2010/11/22,26.72
2010/11/23,26.64
2010/11/24,26.63
2010/11/25,26.78
2010/11/26,26.38
2010/11/29,26.65
2010/11/30,26.75
2010/12/1,27.19
2010/12/2,27.5
2010/12/3,27.44
2010/12/6,27.55
2010/12/7,27.64
2010/12/8,27.6
2010/12/9,27.5
2010/12/10,27.14
2010/12/13,27.29
2010/12/14,27.25
2010/12/15,27.34
2010/12/16,27.47
2010/12/17,27.48
2010/12/20,27.23
2010/12/21,27.47
2010/12/22,27.65
2010/12/23,27.9
2010/12/24,27.87
2010/12/27,27.9
2010/12/28,27.9
2010/12/29,27.6
2010/12/30,27.7
2010/12/31,27.82
2011/1/3,28.09
2011/1/4,28.35
2011/1/5,28.05
2011/1/6,28.2
2011/1/7,28.0
2011/1/10,27.86
2011/1/11,28.08
2011/1/12,28.15
2011/1/13,28.05
2011/1/14,28.0
2011/1/17,28.05
2011/1/18,28.12
2011/1/19,28.4
2011/1/20,28.35
2011/1/21,28.2
2011/1/24,27.97
2011/1/25,28.22
2011/1/26,28.16
2011/1/27,28.2
2011/1/28,28.13
2011/2/8,28.13
2011/2/9,28.1
2011/2/10,27.56
2011/2/11,26.82
2011/2/14,27.0
2011/2/15,27.4
2011/2/16,27.26
2011/2/17,27.1
2011/2/18,27.45
2011/2/21,27.4
2011/2/22,26.9
2011/2/23,26.95
2011/2/24,26.71
2011/2/25,27.1
2011/3/1,27.3
2011/3/2,26.61
2011/3/3,26.77
2011/3/4,26.68
2011/3/7,26.46
2011/3/8,26.65
2011/3/9,26.55
2011/3/10,26.3
2011/3/11,26.16
2011/3/14,26.0
2011/3/15,25.01
2011/3/16,25.6
2011/3/17,25.5
2011/3/18,25.78
2011/3/21,25.84
2011/3/22,25.85
2011/3/23,25.99
2011/3/24,26.19
2011/3/25,26.35
2011/3/28,26.1
2011/3/29,26.4
2011/3/30,26.44
2011/3/31,26.3
2011/4/1,26.3
2011/4/6,26.59
2011/4/7,26.67
2011/4/8,26.73
2011/4/11,26.76
2011/4/12,26.59
2011/4/13,26.5
2011/4/14,26.65
2011/4/15,26.55
2011/4/18,26.5
2011/4/19,26.3
2011/4/20,26.7
2011/4/21,27.08
2011/4/22,27.05
2011/4/25,26.95
2011/4/26,27.0
2011/4/27,27.2
2011/4/28,27.3
2011/4/29,27.0
2011/5/3,27.06
2011/5/4,27.04
2011/5/5,27.11
2011/5/6,27.0
2011/5/9,27.25
2011/5/10,27.21
2011/5/11,27.3
2011/5/12,27.24
2011/5/13,27.26
2011/5/16,27.2
2011/5/17,27.15
2011/5/18,27.3
2011/5/19,27.06
2011/5/20,26.9
2011/5/23,26.79
2011/5/24,26.88
2011/5/25,26.86
2011/5/26,26.99
2011/5/27,27.1
2011/5/30,27.23
2011/5/31,27.71
2011/6/1,27.88
2011/6/2,27.78
2011/6/3,28.0
2011/6/7,27.96
2011/6/8,27.97
2011/6/9,27.85
2011/6/10,27.55
2011/6/13,27.2
2011/6/14,27.5
2011/6/15,27.8
2011/6/16,27.38
2011/6/17,27.2
2011/6/20,27.09
2011/6/21,27.26
2011/6/22,27.22
2011/6/23,27.1
2011/6/24,27.03
2011/6/27,27.0
2011/6/28,27.1
2011/6/29,27.5
2011/6/30,27.8
2011/7/1,27.9
2011/7/4,27.91
2011/7/5,27.92
2011/7/6,28.0
2011/7/7,28.23
2011/7/8,28.28
2011/7/11,28.0
2011/7/12,27.65
2011/7/13,27.55
2011/7/14,27.57
2011/7/15,27.95
2011/7/18,28.09
2011/7/19,27.95
2011/7/20,28.15
2011/7/21,28.2
2011/7/22,28.5
2011/7/25,28.13
2011/7/26,28.41
2011/7/27,28.42
2011/7/28,28.45
2011/7/29,28.2
2011/8/1,28.26
2011/8/2,28.2
2011/8/3,27.9
2011/8/4,27.63
2011/8/5,25.83
2011/8/8,25.3
2011/8/9,25.0
2011/8/10,25.5
2011/8/11,25.5
2011/8/12,25.4
2011/8/15,25.65
2011/8/16,25.7
2011/8/17,25.72
2011/8/18,25.3
2011/8/19,24.41
2011/8/22,24.33
2011/8/23,25.0
2011/8/24,24.8
2011/8/25,24.6
2011/8/26,24.71
2011/8/29,25.07
2011/8/30,25.25
2011/8/31,25.43
2011/9/1,25.66
2011/9/2,25.55
2011/9/5,25.0
2011/9/6,24.5
2011/9/7,24.9
2011/9/8,25.05
2011/9/9,25.12
2011/9/13,24.58
2011/9/14,24.3
2011/9/15,24.8
2011/9/16,25.5
2011/9/19,25.08
2011/9/20,25.07
2011/9/21,25.09
2011/9/22,24.42
2011/9/23,24.09
2011/9/26,23.24
2011/9/27,23.74
2011/9/28,23.51
2011/9/29,23.87
2011/9/30,24.0
2011/10/3,23.59
2011/10/4,23.74
2011/10/5,23.58
2011/10/6,23.73
2011/10/7,23.73
2011/10/11,24.5
2011/10/12,24.61
2011/10/13,24.9
2011/10/14,24.7
2011/10/17,25.12
2011/10/18,24.72
2011/10/19,25.04
2011/10/20,24.9
2011/10/21,24.84
2011/10/24,25.14
2011/10/25,25.21
2011/10/26,23.0
2011/10/27,22.95
2011/10/28,23.12
2011/10/31,22.98
2011/11/1,23.14
2011/11/2,23.18
2011/11/3,22.92
2011/11/4,23.44
2011/11/7,23.46
2011/11/8,23.42
2011/11/9,23.36
2011/11/10,22.72
2011/11/11,22.87
2011/11/14,23.24
2011/11/15,23.14
2011/11/16,22.93
2011/11/17,22.93
2011/11/18,22.56
2011/11/21,21.9
2011/11/22,21.81
2011/11/23,21.15
2011/11/24,21.31
2011/11/25,21.2
2011/11/28,21.42
2011/11/29,21.66
2011/11/30,21.51
2011/12/1,22.68
2011/12/2,22.46
2011/12/5,22.46
2011/12/6,22.01
2011/12/7,22.2
2011/12/8,22.03
2011/12/9,21.89
2011/12/12,21.9
2011/12/13,21.8
2011/12/14,21.85
2011/12/15,21.46
2011/12/16,21.45
2011/12/19,20.86
2011/12/20,20.89
2011/12/21,21.82
2011/12/22,21.78
2011/12/23,22.25
2011/12/26,22.25
2011/12/27,22.16
2011/12/28,22.12
2011/12/29,22.15
2011/12/30,22.14
2012/1/2,21.88
2012/1/3,22.12
2012/1/4,22.2
2012/1/5,22.34
2012/1/6,22.41
2012/1/9,22.31
2012/1/10,22.75
2012/1/11,22.8
2012/1/12,22.9
2012/1/13,22.8
2012/1/16,22.67
2012/1/17,22.96
2012/1/18,23.02
2012/1/30,23.66
2012/1/31,23.78
2012/2/1,24.04
2012/2/2,24.45
2012/2/3,24.49
2012/2/4,24.67
2012/2/6,24.37
2012/2/7,24.48
2012/2/8,25.0
2012/2/9,25.11
2012/2/10,25.0
2012/2/13,25.08
2012/2/14,24.86
2012/2/15,25.15
2012/2/16,25.0
2012/2/17,25.05
2012/2/20,25.18
2012/2/21,25.09
2012/2/22,25.25
2012/2/23,25.24
2012/2/24,25.17
2012/2/29,25.59
2012/3/1,25.72
2012/3/2,25.69
2012/3/3,25.55
2012/3/5,25.19
2012/3/6,25.02
2012/3/7,24.9
2012/3/8,25.18
2012/3/9,25.15
2012/3/12,25.0
2012/3/13,25.24
2012/3/14,25.46
2012/3/15,25.5
2012/3/16,25.4
2012/3/19,25.21
2012/3/20,25.1
2012/3/21,25.05
2012/3/22,25.2
2012/3/23,25.18
2012/3/26,24.91
2012/3/27,24.9
2012/3/28,24.92
2012/3/29,24.48
2012/3/30,24.53
2012/4/2,24.55
2012/4/3,24.3
2012/4/5,23.83
2012/4/6,24.0
2012/4/9,23.9
2012/4/10,24.0
2012/4/11,24.02
2012/4/12,24.05
2012/4/13,24.34
2012/4/16,24.33
2012/4/17,23.87
2012/4/18,23.97
2012/4/19,23.97
2012/4/20,23.73
2012/4/23,23.68
2012/4/24,23.7
2012/4/25,23.85
2012/4/26,23.82
2012/4/27,23.68
2012/4/30,23.84
2012/5/2,24.35
2012/5/3,24.37
2012/5/4,24.45
2012/5/7,24.1
2012/5/8,24.13
2012/5/9,24.01
2012/5/10,23.9
2012/5/11,23.76
2012/5/14,23.67
2012/5/15,23.7
2012/5/16,23.38
2012/5/17,23.5
2012/5/18,22.98
2012/5/21,23.05
2012/5/22,23.16
2012/5/23,22.9
2012/5/24,22.69
2012/5/25,22.58
2012/5/28,22.78
2012/5/29,23.29
2012/5/30,23.19
2012/5/31,23.19
2012/6/1,22.89
2012/6/4,22.31
2012/6/5,22.53
2012/6/6,22.72
2012/6/7,22.72
2012/6/8,22.6
2012/6/11,22.84
2012/6/12,22.95
2012/6/13,22.78
2012/6/14,22.79
2012/6/15,23.0
2012/6/18,23.33
2012/6/19,23.25
2012/6/20,23.4
2012/6/21,23.3
2012/6/22,23.2
2012/6/25,23.08
2012/6/26,23.08
2012/6/27,23.15
2012/6/28,23.16
2012/6/29,23.4
2012/7/2,23.67
2012/7/3,24.05
2012/7/4,24.03
2012/7/5,24.0
2012/7/6,23.9
2012/7/9,23.95
2012/7/10,23.77
2012/7/11,23.77
2012/7/12,23.54
2012/7/13,23.45
2012/7/16,23.34
2012/7/17,23.47
2012/7/18,23.32
2012/7/19,23.58
2012/7/20,23.58
2012/7/23,23.38
2012/7/24,23.23
2012/7/25,23.21
2012/7/26,23.32
2012/7/27,23.59
2012/7/30,23.79
2012/7/31,24.05
2012/8/1,24.14
2012/8/3,23.93
2012/8/6,24.24
2012/8/7,24.25
2012/8/8,24.5
2012/8/9,24.87
2012/8/10,24.83
2012/8/13,24.72
2012/8/14,24.77
2012/8/15,24.7
2012/8/16,25.0
2012/8/17,25.12
2012/8/20,24.86
2012/8/21,25.06
2012/8/22,24.99
2012/8/23,25.03
2012/8/24,24.91
2012/8/27,24.82
2012/8/28,24.63
2012/8/29,24.66
2012/8/30,24.45
2012/8/31,24.71
2012/9/3,24.79
2012/9/4,24.76
2012/9/5,24.55
2012/9/6,24.42
2012/9/7,24.63
2012/9/10,24.75
2012/9/11,24.72
2012/9/12,24.94
2012/9/13,24.96
2012/9/14,25.24
2012/9/17,25.38
2012/9/18,25.38
2012/9/19,25.35
2012/9/20,25.26
2012/9/21,25.4
2012/9/24,25.42
2012/9/25,25.32
2012/9/26,25.0
2012/9/27,24.95
2012/9/28,25.0
2012/10/1,24.98
2012/10/2,25.07
2012/10/3,24.94
2012/10/4,24.79
2012/10/5,24.73
2012/10/8,24.55
2012/10/9,24.46
2012/10/11,23.97
2012/10/12,23.9
2012/10/15,23.85
2012/10/16,23.88
2012/10/17,23.96
2012/10/18,23.89
2012/10/19,23.85
2012/10/22,23.88
2012/10/23,24.4
2012/10/24,22.38
2012/10/25,22.23
2012/10/26,21.4
2012/10/29,21.19
2012/10/30,21.27
2012/10/31,21.19
2012/11/1,21.3
2012/11/2,21.34
2012/11/5,21.17
2012/11/6,21.37
2012/11/7,21.46
2012/11/8,21.28
2012/11/9,21.5
2012/11/12,21.55
2012/11/13,21.15
2012/11/14,21.24
2012/11/15,21.29
2012/11/16,21.28
2012/11/19,21.32
2012/11/20,21.29
2012/11/21,21.12
2012/11/22,21.14
2012/11/23,21.55
2012/11/26,21.8
2012/11/27,21.82
2012/11/28,21.9
2012/11/29,22.14
2012/11/30,22.41
2012/12/3,22.43
2012/12/4,22.45
2012/12/5,22.68
2012/12/6,22.65
2012/12/7,22.54
2012/12/10,22.57
2012/12/11,22.54
2012/12/12,22.71
2012/12/13,22.85
2012/12/14,22.75
2012/12/17,22.52
2012/12/18,22.5
2012/12/19,22.55
2012/12/20,22.41
2012/12/21,22.31
2012/12/22,22.39
2012/12/24,22.41
2012/12/25,22.62
2012/12/26,22.59
2012/12/27,22.62
2012/12/28,22.78
2013/1/2,22.95
2013/1/3,23.06
2013/1/4,22.95
2013/1/7,22.97
2013/1/8,22.8
2013/1/9,22.89
2013/1/10,23.06
2013/1/11,23.03
2013/1/14,23.15
2013/1/15,23.07
2013/1/16,23.08
2013/1/17,22.82
2013/1/18,23.06
2013/1/21,23.15
2013/1/22,23.25
2013/1/23,23.14
2013/1/24,23.09
2013/1/25,23.1
2013/1/28,23.22
2013/1/29,23.42
2013/1/30,23.64
2013/1/31,23.76
2013/2/1,23.83
2013/2/4,23.9
2013/2/5,23.82
2013/2/6,23.68
2013/2/18,23.75
2013/2/19,23.72
2013/2/20,23.82
2013/2/21,23.73
2013/2/22,23.7
2013/2/23,23.67
2013/2/25,23.62
2013/2/26,23.52
2013/2/27,23.58
2013/3/1,23.76
2013/3/4,23.6
2013/3/5,23.69
2013/3/6,23.75
2013/3/7,23.7
2013/3/8,23.8
2013/3/11,23.8
2013/3/12,23.69
2013/3/13,23.51
2013/3/14,23.5
2013/3/15,23.3
2013/3/18,23.17
2013/3/19,23.02
2013/3/20,22.84
2013/3/21,23.06
2013/3/22,23.04
2013/3/25,23.14
2013/3/26,23.08
2013/3/27,23.17
2013/3/28,23.1
2013/3/29,23.2
2013/4/1,23.15
2013/4/2,23.17
2013/4/3,23.33
2013/4/8,22.98
2013/4/9,22.91
2013/4/10,22.9
2013/4/11,23.1
2013/4/12,23.09
2013/4/15,23.04
2013/4/16,23.04
2013/4/17,23.06
2013/4/18,23.06
2013/4/19,23.2
2013/4/22,23.29
2013/4/23,23.32
2013/4/24,23.54
2013/4/25,23.54
2013/4/26,23.65
2013/4/29,23.73
2013/4/30,23.96
2013/5/2,24.05
2013/5/3,24.11
2013/5/6,24.18
2013/5/7,24.03
2013/5/8,24.27
2013/5/9,24.28
2013/5/10,24.21
2013/5/13,24.22
2013/5/14,24.2
2013/5/15,24.3
2013/5/16,24.61
2013/5/17,24.54
2013/5/20,24.58
2013/5/21,24.71
2013/5/22,24.63
2013/5/23,24.26
2013/5/24,24.1
2013/5/27,24.16
2013/5/28,24.26
2013/5/29,24.35
2013/5/30,24.13
2013/5/31,24.14
2013/6/3,24.1
2013/6/4,23.98
2013/6/5,23.92
2013/6/6,23.66
2013/6/7,23.6
2013/6/10,23.78
2013/6/11,23.61
2013/6/13,23.25
2013/6/14,23.22
2013/6/17,23.33
2013/6/18,23.39
2013/6/19,23.45
2013/6/20,23.25
2013/6/21,23.14
2013/6/24,23.04
2013/6/25,22.8
2013/6/26,22.98
2013/6/27,23.3
2013/6/28,23.41
2013/7/1,23.69
2013/7/2,23.55
2013/7/3,23.53
2013/7/4,23.52
2013/7/5,23.73
2013/7/8,23.55
2013/7/9,23.62
2013/7/10,23.65
2013/7/11,24.04
2013/7/12,24.1
2013/7/15,24.27
2013/7/16,24.35
2013/7/17,24.3
2013/7/18,24.22
2013/7/19,23.98
2013/7/22,24.16
2013/7/23,24.47
2013/7/24,24.43
2013/7/25,24.3
2013/7/26,24.24
2013/7/29,24.18
2013/7/30,24.25
2013/7/31,24.3
2013/8/1,24.28
2013/8/2,24.27
2013/8/5,24.28
2013/8/6,24.15
2013/8/7,23.83
2013/8/8,23.8
2013/8/9,23.72
2013/8/12,23.83
2013/8/13,23.99
2013/8/14,23.92
2013/8/15,23.8
2013/8/16,23.8
2013/8/19,23.68
2013/8/20,23.4
2013/8/22,23.2
2013/8/23,23.39
2013/8/26,23.58
2013/8/27,23.4
2013/8/28,23.37
2013/8/29,23.5
2013/8/30,23.65
2013/9/2,23.84
2013/9/3,24.03
2013/9/4,24.03
2013/9/5,24.18
2013/9/6,24.2
2013/9/9,24.19
2013/9/10,24.25
2013/9/11,24.25
2013/9/12,24.3
2013/9/13,24.19
2013/9/14,24.18
2013/9/16,24.39
2013/9/17,24.34
2013/9/18,24.38
2013/9/23,24.46
2013/9/24,24.45
2013/9/25,24.43
2013/9/26,24.2
2013/9/27,24.21
2013/9/30,24.19
2013/10/1,24.23
2013/10/2,24.27
2013/10/3,24.46
2013/10/4,24.45
2013/10/7,24.39
2013/10/8,24.33
2013/10/9,24.2
2013/10/11,24.18
2013/10/14,23.92
2013/10/15,24.03
2013/10/16,24.02
2013/10/17,24.08
2013/10/18,24.19
2013/10/21,24.16
2013/10/22,24.16
2013/10/23,24.18
2013/10/24,23.31
2013/10/25,23.15
2013/10/28,23.11
2013/10/29,23.11
2013/10/30,23.26
2013/10/31,23.29
2013/11/1,23.01
2013/11/4,22.9
2013/11/5,22.73
2013/11/6,22.7
2013/11/7,22.74
2013/11/8,22.59
2013/11/11,22.46
2013/11/12,22.37
2013/11/13,22.16
2013/11/14,22.24
2013/11/15,22.37
2013/11/18,22.24
2013/11/19,22.43
2013/11/20,22.32
2013/11/21,22.04
2013/11/22,22.06
2013/11/25,22.25
2013/11/26,22.33
2013/11/27,22.48
2013/11/28,22.62
2013/11/29,22.8
2013/12/2,22.77
2013/12/3,22.77
2013/12/4,22.75
2013/12/5,22.69
2013/12/6,22.65
2013/12/9,22.78
2013/12/10,22.73
2013/12/11,22.66
2013/12/12,22.64
2013/12/13,22.65
2013/12/16,22.6
2013/12/17,22.68
2013/12/18,22.66
2013/12/19,22.72
2013/12/20,22.78
2013/12/23,22.83
2013/12/24,22.84
2013/12/25,22.85
2013/12/26,22.87
2013/12/27,22.93
2013/12/30,23.03
2013/12/31,23.06
2014/1/2,23.09
2014/1/3,22.97
2014/1/6,22.79
2014/1/7,22.9
2014/1/8,23.04
2014/1/9,23.0
2014/1/10,23.01
2014/1/13,23.08
2014/1/14,23.09
2014/1/15,23.3
2014/1/16,23.36
2014/1/17,23.33
2014/1/20,23.6
2014/1/21,23.57
2014/1/22,23.59
2014/1/23,23.54
2014/1/24,23.31
2014/1/27,23.07
2014/2/5,22.58
2014/2/6,22.63
2014/2/7,22.81
2014/2/10,22.9
2014/2/11,22.96
2014/2/12,23.09
2014/2/13,23.01
2014/2/14,23.07
2014/2/17,23.08
2014/2/18,23.14
2014/2/19,23.11
2014/2/20,22.97
2014/2/21,23.12
2014/2/24,23.05
2014/2/25,23.07
2014/2/26,23.12
2014/2/27,23.16
2014/3/3,23.05
2014/3/4,23.01
2014/3/5,23.11
2014/3/6,23.21
2014/3/7,23.22
2014/3/10,23.1
2014/3/11,23.12
2014/3/12,23.11
2014/3/13,23.24
2014/3/14,23.17
2014/3/17,23.15
2014/3/18,23.3
2014/3/19,23.25
2014/3/20,23.06
2014/3/21,23.06
2014/3/24,23.16
2014/3/25,23.3
2014/3/26,23.38
2014/3/27,23.51
2014/3/28,23.5
2014/3/31,23.65
2014/4/1,23.78
2014/4/2,23.92
2014/4/3,23.9
2014/4/7,23.85
2014/4/8,23.87
2014/4/9,23.95
2014/4/10,24.01
2014/4/11,24.0
2014/4/14,23.92
2014/4/15,24.16
2014/4/16,24.25
2014/4/17,24.23
2014/4/18,24.18
2014/4/21,24.1
2014/4/22,24.13
2014/4/23,24.03
2014/4/24,23.98
2014/4/25,23.63
2014/4/28,23.68
2014/4/29,23.9
2014/4/30,23.81
2014/5/2,24.04
2014/5/5,24.1
2014/5/6,24.22
2014/5/7,24.12
2014/5/8,24.19
2014/5/9,24.12
2014/5/12,23.99
2014/5/13,23.98
2014/5/14,23.95
2014/5/15,24.02
2014/5/16,24.09
2014/5/19,24.17
2014/5/20,24.2
2014/5/21,24.09
2014/5/22,24.28
2014/5/23,24.38
2014/5/26,24.46
2014/5/27,24.47
2014/5/28,24.7
2014/5/29,24.88
2014/5/30,24.88
2014/6/3,24.83
2014/6/4,24.88
2014/6/5,24.97
2014/6/6,24.99
2014/6/9,25.1
2014/6/10,25.2
2014/6/11,25.18
2014/6/12,25.1
2014/6/13,25.11
2014/6/16,25.15
2014/6/17,25.22
2014/6/18,25.23
2014/6/19,25.2
2014/6/20,25.19
2014/6/23,25.0
2014/6/24,24.94
2014/6/25,24.98
2014/6/26,25.08
2014/6/27,25.07
2014/6/30,25.17
2014/7/1,25.39
2014/7/2,25.32
2014/7/3,25.43
2014/7/4,25.59
2014/7/7,25.62
2014/7/8,25.79
2014/7/9,25.72
2014/7/10,25.75
2014/7/11,25.43
2014/7/14,25.52
2014/7/15,25.6
2014/7/16,25.56
2014/7/17,25.47
2014/7/18,25.53
2014/7/21,25.55
2014/7/22,25.76
2014/7/24,25.8
2014/7/25,25.6
2014/7/28,25.68
2014/7/29,25.62
2014/7/30,25.64
2014/7/31,25.45
2014/8/1,25.32
2014/8/4,25.65
2014/8/5,25.27
2014/8/6,25.32
2014/8/7,25.25
2014/8/8,25.2
2014/8/11,25.48
2014/8/12,25.45
2014/8/13,25.57
2014/8/14,25.52
2014/8/15,25.5
2014/8/18,25.55
2014/8/19,25.7
2014/8/20,25.74
2014/8/21,25.83
2014/8/22,26.32
2014/8/25,26.27
2014/8/26,26.29
2014/8/27,26.45
2014/8/28,26.4
2014/8/29,26.52
2014/9/1,26.6
2014/9/2,26.31
2014/9/3,26.36
2014/9/4,26.3
2014/9/5,26.15
2014/9/9,26.2
2014/9/10,26.01
2014/9/11,26.03
2014/9/12,25.72
2014/9/15,25.71
2014/9/16,25.52
2014/9/17,25.63
2014/9/18,25.7
2014/9/19,25.64
2014/9/22,25.3
2014/9/23,25.12
2014/9/24,25.25
2014/9/25,24.85
2014/9/26,24.75
2014/9/29,24.72
2014/9/30,24.58
2014/10/1,24.65
2014/10/2,24.72
2014/10/3,24.91
2014/10/6,24.95
2014/10/7,24.77
2014/10/8,24.7
2014/10/9,24.55
2014/10/13,23.82
2014/10/14,23.83
2014/10/15,23.67
2014/10/16,23.61
2014/10/17,23.53
2014/10/20,23.97
2014/10/21,23.88
2014/10/22,24.0
2014/10/23,23.96
2014/10/24,22.75
2014/10/27,22.68
2014/10/28,23.0
2014/10/29,23.3
2014/10/30,23.34
2014/10/31,23.43
2014/11/3,23.58
2014/11/4,23.59
2014/11/5,23.46
2014/11/6,23.24
2014/11/7,23.3
2014/11/10,23.51
2014/11/11,23.54
2014/11/12,23.22
2014/11/13,23.15
2014/11/14,23.16
2014/11/17,23.06
2014/11/18,22.94
2014/11/19,23.08
2014/11/20,23.25
2014/11/21,23.28
2014/11/24,23.31
2014/11/25,23.3
2014/11/26,23.36
2014/11/27,23.47
2014/11/28,23.47
2014/12/1,23.4
2014/12/2,23.41
2014/12/3,23.77
2014/12/4,23.88
2014/12/5,24.0
2014/12/8,23.96
2014/12/9,23.92
2014/12/10,23.8
2014/12/11,23.77
2014/12/12,23.81
2014/12/15,23.7
2014/12/16,23.73
2014/12/17,23.5
2014/12/18,23.45
2014/12/19,23.61
2014/12/22,23.72
2014/12/23,23.82
2014/12/24,23.9
2014/12/25,23.89
2014/12/26,23.92
2014/12/27,23.92
2014/12/29,24.14
2014/12/30,24.18
2014/12/31,24.16
2015/1/5,24.15
2015/1/6,23.89
2015/1/7,23.91
2015/1/8,24.12
2015/1/9,24.16
2015/1/12,24.15
2015/1/13,24.3
2015/1/14,24.32
2015/1/15,24.26
2015/1/16,24.09
2015/1/19,24.15
2015/1/20,24.23
2015/1/21,24.3
2015/1/22,24.63
2015/1/23,24.77
2015/1/26,24.77
2015/1/27,24.83
2015/1/28,24.91
2015/1/29,24.72
2015/1/30,24.65
2015/2/2,24.57
2015/2/3,24.7
2015/2/4,24.83
2015/2/5,24.81
2015/2/6,24.74
2015/2/9,24.72
2015/2/10,24.63
2015/2/11,24.7
2015/2/12,24.65
2015/2/13,24.8
2015/2/24,25.06
2015/2/25,25.16
2015/2/26,25.14
2015/3/2,25.21
2015/3/3,25.19
2015/3/4,25.19
2015/3/5,25.18
2015/3/6,25.25
2015/3/9,25.2
2015/3/10,25.07
2015/3/11,24.94
2015/3/12,25.07
2015/3/13,25.06
2015/3/16,25.0
2015/3/17,25.0
2015/3/18,25.04
2015/3/19,25.22
2015/3/20,25.2
2015/3/23,25.15
2015/3/24,25.11
2015/3/25,25.01
2015/3/26,24.9
2015/3/27,24.84
2015/3/30,24.87
2015/3/31,24.85
2015/4/1,24.78
2015/4/2,24.85
2015/4/7,24.89
2015/4/8,24.9
2015/4/9,24.86
2015/4/10,24.86
2015/4/13,24.86
2015/4/14,24.88
2015/4/15,24.85
2015/4/16,24.83
2015/4/17,24.71
2015/4/20,24.45
2015/4/21,24.4
2015/4/22,24.6
2015/4/23,25.03
2015/4/24,25.1
2015/4/27,25.3
2015/4/28,25.2
2015/4/29,25.08
2015/4/30,25.04
2015/5/4,25.05
2015/5/5,25.01
2015/5/6,25.08
2015/5/7,24.9
2015/5/8,24.89
2015/5/11,24.71
2015/5/12,24.69
2015/5/13,24.8
2015/5/14,24.64
2015/5/15,24.55
2015/5/18,24.64
2015/5/19,24.8
2015/5/20,24.8
2015/5/21,24.51
2015/5/22,24.54
2015/5/25,24.51
2015/5/26,24.64
2015/5/27,24.69
2015/5/28,24.77
2015/5/29,24.72
2015/6/1,24.68
2015/6/2,24.65
2015/6/3,24.5
2015/6/4,24.06
2015/6/5,24.0
2015/6/8,24.08
2015/6/9,23.51
2015/6/10,23.56
2015/6/11,23.45
2015/6/12,23.35
2015/6/15,23.45
2015/6/16,23.29
2015/6/17,23.36
2015/6/18,23.51
2015/6/22,23.81
2015/6/23,23.89
2015/6/24,23.89
2015/6/25,23.95
2015/6/26,23.95
2015/6/29,23.76
2015/6/30,23.7
2015/7/1,23.84
2015/7/2,23.85
2015/7/3,23.82
2015/7/6,23.69
2015/7/7,23.71
2015/7/8,23.22
2015/7/9,22.84
2015/7/13,23.03
2015/7/14,23.12
2015/7/15,23.0
2015/7/16,23.05
2015/7/17,23.05
2015/7/20,22.96
2015/7/21,22.88
2015/7/22,22.57
2015/7/23,22.5
2015/7/24,22.3
2015/7/27,21.85
2015/7/28,21.77
2015/7/29,21.98
2015/7/30,21.96
2015/7/31,21.95
2015/8/3,21.79
2015/8/4,21.63
2015/8/5,21.72
2015/8/6,21.34
2015/8/7,21.25
2015/8/10,21.48
2015/8/11,21.37
2015/8/12,21.25
2015/8/13,21.43
2015/8/14,21.25
2015/8/17,21.12
2015/8/18,20.93
2015/8/19,20.31
2015/8/20,20.47
2015/8/21,20.02
2015/8/24,19.95
2015/8/25,19.5
2015/8/26,19.68
2015/8/27,20.15
2015/8/28,20.6
2015/8/31,20.78
2015/9/1,20.75
2015/9/2,20.7
2015/9/3,20.81
2015/9/4,20.73
2015/9/7,20.77
2015/9/8,20.85
2015/9/9,21.3
2015/9/10,21.45
2015/9/11,21.65
2015/9/14,21.69
2015/9/15,21.67
2015/9/16,21.7
2015/9/17,22.0
2015/9/18,22.13
2015/9/21,21.74
2015/9/22,21.82
2015/9/23,21.41
2015/9/24,21.12
2015/9/25,21.12
2015/9/30,21.04
2015/10/1,21.33
2015/10/2,21.36
2015/10/5,21.58
2015/10/6,21.88
2015/10/7,21.89
2015/10/8,21.82
2015/10/12,21.97
2015/10/13,22.05
2015/10/14,22.15
2015/10/15,22.33
2015/10/16,22.4
2015/10/19,22.5
2015/10/20,22.58
2015/10/21,22.47
2015/10/22,22.5
2015/10/23,22.65
2015/10/26,21.93
2015/10/27,21.95
2015/10/28,21.95
2015/10/29,21.72
2015/10/30,21.66
2015/11/2,21.66
2015/11/3,21.89
2015/11/4,22.09
2015/11/5,22.16
2015/11/6,21.97
2015/11/9,21.68
2015/11/10,21.55
2015/11/11,21.13
2015/11/12,21.08
2015/11/13,20.88
2015/11/16,20.83
2015/11/17,21.23
2015/11/18,21.12
2015/11/19,21.22
2015/11/20,21.24
2015/11/23,21.26
2015/11/24,21.25
2015/11/25,21.18
2015/11/26,21.35
2015/11/27,21.36
2015/11/30,21.21
2015/12/1,21.47
2015/12/2,21.66
2015/12/3,21.67
2015/12/4,21.66
2015/12/7,21.84
2015/12/8,21.68
2015/12/9,21.48
2015/12/10,21.37
2015/12/11,21.33
2015/12/14,21.14
2015/12/15,21.29
2015/12/16,21.5
2015/12/17,21.79
2015/12/18,21.95
2015/12/21,22.03
2015/12/22,21.95
2015/12/23,22.01
2015/12/24,21.98
2015/12/25,22.0
2015/12/28,22.01
2015/12/29,21.95
2015/12/30,21.84
2015/12/31,21.85
2016/1/4,21.48
2016/1/5,21.43
2016/1/6,21.1
2016/1/7,21.29
2016/1/8,21.03
2016/1/11,20.62
2016/1/12,20.7
2016/1/13,20.73
2016/1/14,20.6
2016/1/15,20.6
2016/1/18,20.77
2016/1/19,20.74
2016/1/20,20.59
2016/1/21,20.41
2016/1/22,20.5
2016/1/25,20.77
2016/1/26,20.76
2016/1/27,20.81
2016/1/28,21.01
2016/1/29,21.34
2016/1/30,21.55
2016/2/1,21.58
2016/2/2,21.72
2016/2/3,21.62
2016/2/15,21.6
2016/2/16,21.76
2016/2/17,21.84
2016/2/18,22.11
2016/2/19,22.24
2016/2/22,22.17
2016/2/23,22.22
2016/2/24,22.15
2016/2/25,22.24
2016/2/26,22.49
2016/3/1,22.63
2016/3/2,22.68
2016/3/3,22.8
2016/3/4,22.77
2016/3/7,22.78
2016/3/8,22.59
2016/3/9,22.59
2016/3/10,22.72
2016/3/11,22.75
2016/3/14,22.82
2016/3/15,22.46
2016/3/16,22.55
2016/3/17,22.61
2016/3/18,22.71
2016/3/21,22.79
2016/3/22,22.69
2016/3/23,22.55
2016/3/24,22.43
2016/3/25,22.4
2016/3/28,22.41
2016/3/29,22.19
2016/3/30,22.4
2016/3/31,22.43
2016/4/1,22.28
2016/4/6,22.08
2016/4/7,22.03
2016/4/8,21.95
2016/4/11,21.97
2016/4/12,22.02
2016/4/13,22.13
2016/4/14,22.21
2016/4/15,22.26
2016/4/18,22.23
2016/4/19,22.23
2016/4/20,21.93
2016/4/21,21.86
2016/4/22,21.79
2016/4/25,21.92
2016/4/26,22.0
2016/4/27,21.96
2016/4/28,21.8
2016/4/29,21.6
2016/5/3,21.35
2016/5/4,21.0
2016/5/5,20.93
2016/5/6,20.75
2016/5/9,20.85
2016/5/10,20.9
2016/5/11,20.9
2016/5/12,20.8
2016/5/13,20.69
2016/5/16,20.84
2016/5/17,20.91
2016/5/18,20.93
2016/5/19,20.81
2016/5/20,20.88
2016/5/23,21.31
2016/5/24,21.3
2016/5/25,21.41
2016/5/26,21.49
2016/5/27,21.68
2016/5/30,21.92
2016/5/31,21.95
2016/6/1,22.05
2016/6/2,22.05
2016/6/3,22.03
2016/6/4,22.05
2016/6/6,21.98
2016/6/7,22.29
2016/6/8,22.36
2016/6/13,22.06
2016/6/14,22.28
2016/6/15,22.27
2016/6/16,22.08
2016/6/17,22.18
2016/6/20,22.44
2016/6/21,22.58
2016/6/22,22.58
2016/6/23,22.5
2016/6/24,21.99
2016/6/27,22.14
2016/6/28,22.29
2016/6/29,22.5
2016/6/30,22.6
2016/7/1,22.8
2016/7/4,22.99
2016/7/5,22.94
2016/7/6,22.66
2016/7/7,22.86
2016/7/11,23.42
2016/7/12,23.43
2016/7/13,23.79
2016/7/14,23.8
2016/7/15,23.94
2016/7/18,24.13
2016/7/19,24.2
2016/7/20,24.05
2016/7/21,24.26
2016/7/22,24.24
2016/7/25,24.17
2016/7/26,24.19
2016/7/27,24.33
2016/7/28,24.42
2016/7/29,24.37
2016/8/1,24.55
2016/8/2,24.61
2016/8/3,24.49
2016/8/4,24.47
2016/8/5,24.58
2016/8/8,24.67
2016/8/9,24.68
2016/8/10,24.67
2016/8/11,24.48
2016/8/12,24.56
2016/8/15,24.59
2016/8/16,24.64
2016/8/17,24.58
2016/8/18,24.72
2016/8/19,24.65
2016/8/22,24.3
2016/8/23,24.41
2016/8/24,24.4
2016/8/25,24.66
2016/8/26,24.7
2016/8/29,24.6
2016/8/30,24.74
2016/8/31,24.65
2016/9/1,24.39
2016/9/2,24.4
2016/9/5,24.65
2016/9/6,24.86
2016/9/7,25.0
2016/9/8,25.08
2016/9/9,24.95
2016/9/10,24.63
2016/9/12,24.55
2016/9/13,24.37
2016/9/14,24.35
2016/9/19,24.77
2016/9/20,24.8
2016/9/21,24.95
2016/9/22,25.01
2016/9/23,25.02
2016/9/26,24.85
2016/9/29,25.1
2016/9/30,25.1
2016/10/3,25.05
2016/10/4,25.07
2016/10/5,25.1
2016/10/6,25.1
2016/10/7,25.06
2016/10/11,24.88
2016/10/12,24.97
2016/10/13,24.87
2016/10/14,24.66
2016/10/17,24.69
2016/10/18,24.81
2016/10/19,24.95
2016/10/20,25.01
2016/10/21,25.0
2016/10/24,25.09
2016/10/25,25.35
2016/10/26,23.79
2016/10/27,23.75
2016/10/28,23.75
2016/10/31,23.8
2016/11/1,23.7
2016/11/2,23.28
2016/11/3,23.09
2016/11/4,23.06
2016/11/7,23.27
2016/11/8,23.4
2016/11/9,22.72
2016/11/10,23.26
2016/11/11,22.7
2016/11/14,22.89
2016/11/15,22.74
2016/11/16,22.78
2016/11/17,22.65
2016/11/18,22.85
2016/11/21,22.94
2016/11/22,23.19
2016/11/23,23.2
2016/11/24,23.17
2016/11/25,23.23
2016/11/28,23.29
2016/11/29,23.25
2016/11/30,23.26
2016/12/1,23.32
2016/12/2,23.13
2016/12/5,22.98
2016/12/6,23.14
2016/12/7,23.2
2016/12/8,23.33
2016/12/9,23.43
2016/12/12,23.27
2016/12/13,23.28
2016/12/14,23.3
2016/12/15,23.3
2016/12/16,23.31
2016/12/19,23.07
2016/12/20,23.1
2016/12/21,23.03
2016/12/22,23.0
2016/12/23,22.85
2016/12/26,22.9
2016/12/27,22.86
2016/12/28,23.0
2016/12/29,22.99
2016/12/30,23.07
2017/1/3,23.12
2017/1/4,23.2
2017/1/5,23.28
2017/1/6,23.34
2017/1/9,23.3
2017/1/10,23.41
2017/1/11,23.5
2017/1/12,23.58
2017/1/13,23.56
2017/1/16,23.44
2017/1/17,23.44
2017/1/18,23.42
2017/1/19,23.39
2017/1/20,23.35
2017/1/23,23.48
2017/1/24,23.54
2017/2/2,23.55
2017/2/3,23.65
2017/2/6,23.93
2017/2/7,23.96
2017/2/8,24.15
2017/2/9,24.19
2017/2/10,24.33
2017/2/13,24.33
2017/2/14,24.4
2017/2/15,24.59
2017/2/16,24.48
2017/2/17,24.45
2017/2/18,24.5
2017/2/20,24.37
2017/2/21,24.24
2017/2/22,24.38
2017/2/23,24.44
2017/2/24,24.48
2017/3/1,24.5
2017/3/2,24.5
2017/3/3,24.47
2017/3/6,24.45
2017/3/7,24.51
2017/3/8,24.56
2017/3/9,24.5
2017/3/10,24.4
2017/3/13,24.49
2017/3/14,24.6
2017/3/15,24.59
2017/3/16,24.76
2017/3/17,24.8
2017/3/20,24.92
2017/3/21,25.03
2017/3/22,25.08
2017/3/23,25.0
2017/3/24,24.98
2017/3/27,24.86
2017/3/28,24.75
2017/3/29,24.8
2017/3/30,24.8
2017/3/31,24.73
2017/4/5,24.91
2017/4/6,24.85
2017/4/7,24.79
2017/4/10,24.82
2017/4/11,24.59
2017/4/12,24.49
2017/4/13,24.52
2017/4/14,24.27
2017/4/17,24.18
2017/4/18,24.25
2017/4/19,24.18
2017/4/20,24.01
2017/4/21,24.09
2017/4/24,24.11
2017/4/25,24.23
2017/4/26,24.45
2017/4/27,24.44
2017/4/28,24.45
2017/5/2,24.56
2017/5/3,24.51
2017/5/4,24.61
2017/5/5,24.51
2017/5/8,24.57
2017/5/9,24.5
2017/5/10,24.47
2017/5/11,24.48
2017/5/12,24.56
2017/5/15,24.7
2017/5/16,24.75
2017/5/17,24.7
2017/5/18,24.66
2017/5/19,24.69
2017/5/22,24.75
2017/5/23,24.76
2017/5/24,24.76
2017/5/25,24.81
2017/5/26,24.89
2017/5/31,24.83
2017/6/1,24.84
2017/6/2,24.86
2017/6/3,24.9
2017/6/5,24.99
2017/6/6,25.0
2017/6/7,24.93
2017/6/8,25.0
2017/6/9,25.0
2017/6/12,25.07
2017/6/13,25.16
2017/6/14,24.96
2017/6/15,24.98
2017/6/16,25.05
2017/6/19,25.22
2017/6/20,25.26
2017/6/21,25.42
2017/6/22,25.56
2017/6/23,25.48
2017/6/26,25.7
2017/6/27,25.76
2017/6/28,25.57
2017/6/29,25.6
2017/6/30,25.58
2017/7/3,25.75
2017/7/4,25.65
2017/7/5,25.68
2017/7/6,25.64
2017/7/7,25.56
2017/7/10,25.58
2017/7/11,25.8
2017/7/12,25.94
2017/7/13,26.0
2017/7/14,26.04
2017/7/17,26.11
2017/7/18,26.13
2017/7/19,26.25
2017/7/20,26.25
2017/7/21,26.11
2017/7/24,26.03
2017/7/25,26.16
2017/7/26,26.15
2017/7/27,26.22
2017/7/28,26.19
2017/7/31,26.09
2017/8/1,26.2
2017/8/2,26.28
2017/8/3,26.23
2017/8/4,26.29
2017/8/7,26.34
2017/8/8,26.36
2017/8/9,26.26
2017/8/10,25.9
2017/8/11,25.86
2017/8/14,25.44
2017/8/15,25.68
2017/8/16,25.64
2017/8/17,25.85
2017/8/18,25.78
2017/8/21,25.67
2017/8/22,25.78
2017/8/23,25.87
2017/8/24,25.92
2017/8/25,25.94
2017/8/28,25.98
2017/8/29,25.85
2017/8/30,25.98
2017/8/31,26.09
2017/9/1,26.25
2017/9/4,26.22
2017/9/5,26.29
2017/9/6,26.25
2017/9/7,26.14
2017/9/8,26.23
2017/9/11,26.31
2017/9/12,26.49
2017/9/13,26.5
2017/9/14,26.51
2017/9/15,26.55
2017/9/18,26.8
2017/9/19,26.48
2017/9/20,26.34
2017/9/21,26.43
2017/9/22,26.2
2017/9/25,25.8
2017/9/26,25.65
2017/9/27,25.77
2017/9/28,25.8
2017/9/29,25.8
2017/9/30,25.96
2017/10/2,26.15
2017/10/3,26.24
2017/10/5,26.29
2017/10/6,26.41
2017/10/11,26.41
2017/10/12,26.39
2017/10/13,26.28
2017/10/16,26.38
2017/10/17,26.31
2017/10/18,26.33
2017/10/19,26.35
2017/10/20,26.33
2017/10/23,26.5
2017/10/24,26.64
2017/10/25,26.64
2017/10/26,26.62
2017/10/27,26.39
2017/10/30,25.5
2017/10/31,25.58
2017/11/1,25.6
2017/11/2,25.67
2017/11/3,25.69
2017/11/6,25.6
2017/11/7,25.6
2017/11/8,25.65
2017/11/9,25.41
2017/11/10,25.29
2017/11/13,25.0
2017/11/14,25.14
2017/11/15,25.03
2017/11/16,25.04
2017/11/17,25.13
2017/11/20,25.09
2017/11/21,25.19
2017/11/22,25.17
2017/11/23,25.2
2017/11/24,25.26
2017/11/27,25.2
2017/11/28,25.1
2017/11/29,25.15
2017/11/30,24.99
2017/12/1,24.99
2017/12/4,24.99
2017/12/5,24.86
2017/12/6,24.61
2017/12/7,24.48
2017/12/8,24.72
2017/12/11,24.9
2017/12/12,24.8
2017/12/13,24.83
2017/12/14,24.92
2017/12/15,24.86
2017/12/18,24.95
2017/12/19,24.88
2017/12/20,24.9
2017/12/21,24.9
2017/12/22,24.9
2017/12/25,24.94
2017/12/26,24.89
2017/12/27,24.9
2017/12/28,24.9
2017/12/29,25.0
2018/1/2,25.13
2018/1/3,25.31
2018/1/4,25.41
2018/1/5,25.44
2018/1/8,25.57
2018/1/9,25.5
2018/1/10,25.37
2018/1/11,25.41
2018/1/12,25.54
2018/1/15,25.65
2018/1/16,25.8
2018/1/17,25.92
2018/1/18,26.02
2018/1/19,26.0
2018/1/22,26.25
2018/1/23,26.2
2018/1/24,26.32
2018/1/25,26.45
2018/1/26,26.54
2018/1/29,26.8
2018/1/30,26.41
2018/1/31,26.45
2018/2/1,26.42
2018/2/2,26.34
2018/2/5,26.0
2018/2/6,24.99
2018/2/7,25.43
2018/2/8,25.5
2018/2/9,25.5
2018/2/12,25.15
2018/2/21,25.72
2018/2/22,25.62
2018/2/23,25.8
2018/2/26,25.98
2018/2/27,25.95
2018/3/1,25.91
2018/3/2,25.76
2018/3/5,25.63
2018/3/6,25.76
2018/3/7,25.7
2018/3/8,26.01
2018/3/9,25.93
2018/3/12,26.1
2018/3/13,26.17
2018/3/14,26.08
2018/3/15,26.11
2018/3/16,26.16
2018/3/19,26.19
2018/3/20,26.13
2018/3/21,26.17
2018/3/22,26.14
2018/3/23,25.82
2018/3/26,26.0
2018/3/27,26.08
2018/3/28,25.93
2018/3/29,25.9
2018/3/30,25.96
2018/3/31,25.95
2018/4/2,26.02
2018/4/3,25.92
2018/4/9,25.95
2018/4/10,25.95
2018/4/11,26.11
2018/4/12,26.0
2018/4/13,25.99
2018/4/16,25.98
2018/4/17,25.77
2018/4/18,25.68
2018/4/19,25.86
2018/4/20,25.82
2018/4/23,25.69
2018/4/24,25.5
2018/4/25,25.31
2018/4/26,25.23
2018/4/27,25.15
2018/4/30,25.4
2018/5/2,25.34
2018/5/3,25.22
2018/5/4,25.2
2018/5/7,25.3
2018/5/8,25.43
2018/5/9,25.4
2018/5/10,25.48
2018/5/11,25.6
2018/5/14,25.85
2018/5/15,25.78
2018/5/16,25.93
2018/5/17,26.06
2018/5/18,26.2
2018/5/21,26.35
2018/5/22,26.4
2018/5/23,26.4
2018/5/24,26.41
2018/5/25,26.33
2018/5/28,26.39
2018/5/29,26.37
2018/5/30,26.01
2018/5/31,26.19
2018/6/1,26.4
2018/6/4,26.62
2018/6/5,26.61
2018/6/6,26.79
2018/6/7,26.79
2018/6/8,26.67
2018/6/11,26.69
2018/6/12,26.6
2018/6/13,26.56
2018/6/14,26.39
2018/6/15,26.32
2018/6/19,26.2
2018/6/20,26.1
2018/6/21,26.12
2018/6/22,26.0
2018/6/25,25.78
2018/6/26,25.65
2018/6/27,25.64
2018/6/28,25.4
2018/6/29,25.66
2018/7/2,25.61
2018/7/3,25.5
2018/7/4,25.53
2018/7/5,25.31
2018/7/6,25.3
2018/7/9,25.6
2018/7/10,25.63
2018/7/11,25.51
2018/7/12,25.61
2018/7/13,25.79
2018/7/16,25.93
2018/7/17,25.97
2018/7/18,26.21
2018/7/19,26.13
2018/7/20,26.14
2018/7/23,26.23
2018/7/24,26.42
2018/7/25,26.47
2018/7/26,26.59
2018/7/27,26.89
2018/7/30,27.04
2018/7/31,27.19
2018/8/1,27.28
2018/8/2,27.0
2018/8/3,27.18
2018/8/6,27.43
2018/8/7,27.45
2018/8/8,27.6
2018/8/9,27.5
2018/8/10,27.53
2018/8/13,27.18
2018/8/14,27.38
2018/8/15,27.1
2018/8/16,27.09
2018/8/17,27.12
2018/8/20,27.19
2018/8/21,27.23
2018/8/22,27.29
2018/8/23,27.3
2018/8/24,27.2
2018/8/27,27.35
2018/8/28,27.56
2018/8/29,27.61
2018/8/30,27.7
2018/8/31,27.78
2018/9/3,27.63
2018/9/4,27.63
2018/9/5,27.53
2018/9/6,27.45
2018/9/7,27.19
2018/9/10,26.67
2018/9/11,26.78
2018/9/12,26.74
2018/9/13,26.92
2018/9/14,27.4
2018/9/17,27.46
2018/9/18,27.4
2018/9/19,27.41
2018/9/20,27.4
2018/9/21,27.41
2018/9/25,27.49
2018/9/26,27.4
2018/9/27,27.33
2018/9/28,27.28
2018/10/1,27.32
2018/10/2,27.2
2018/10/3,26.97
2018/10/4,26.78
2018/10/5,26.43
2018/10/8,26.7
2018/10/9,26.34
2018/10/11,24.91
2018/10/12,25.26
2018/10/15,25.18
2018/10/16,25.39
2018/10/17,25.51
2018/10/18,25.54
2018/10/19,25.55
2018/10/22,25.81
2018/10/23,24.13
2018/10/24,24.12
2018/10/25,23.59
2018/10/26,23.43
2018/10/29,23.34
2018/10/30,23.42
2018/10/31,23.78
2018/11/1,24.08
2018/11/2,24.18
2018/11/5,24.18
2018/11/6,24.08
2018/11/7,24.21
2018/11/8,24.37
2018/11/9,24.21
2018/11/12,24.18
2018/11/13,24.12
2018/11/14,24.15
2018/11/15,24.22
2018/11/16,24.29
2018/11/19,24.4
2018/11/20,24.17
2018/11/21,24.14
2018/11/22,23.98
2018/11/23,23.94
2018/11/26,24.11
2018/11/27,24.1
2018/11/28,24.27
2018/11/29,24.38
2018/11/30,24.46
2018/12/3,24.89
2018/12/4,24.82
2018/12/5,24.6
2018/12/6,24.19
2018/12/7,24.28
2018/12/10,24.07
2018/12/11,24.18
2018/12/12,24.32
2018/12/13,24.39
2018/12/14,24.31
2018/12/17,24.31
2018/12/18,24.03
2018/12/19,24.14
2018/12/20,24.13
2018/12/21,24.14
2018/12/22,24.17
2018/12/24,24.18
2018/12/25,23.97
2018/12/26,23.72
2018/12/27,23.91
2018/12/28,23.94
2019/1/2,23.83
2019/1/3,23.59
2019/1/4,23.4
2019/1/7,23.73
2019/1/8,23.79
2019/1/9,24.05
2019/1/10,24.01
2019/1/11,24.04
2019/1/14,23.99
2019/1/15,24.13
2019/1/16,24.25
2019/1/17,24.26
2019/1/18,24.39
2019/1/21,24.51
2019/1/22,24.5
2019/1/23,24.44
2019/1/24,24.55
2019/1/25,24.9
2019/1/28,25.01
2019/1/29,24.89
2019/1/30,24.92
2019/2/11,24.99
2019/2/12,25.26
2019/2/13,25.42
2019/2/14,25.43
2019/2/15,25.39
2019/2/18,25.52
2019/2/19,25.52
2019/2/20,25.74
2019/2/21,25.84
2019/2/22,25.9
2019/2/25,26.13
2019/2/26,26.18
2019/2/27,25.96
2019/3/4,26.12
2019/3/5,26.0
2019/3/6,26.08
2019/3/7,25.98
2019/3/8,25.84
2019/3/11,25.89
2019/3/12,26.01
2019/3/13,25.98
2019/3/14,25.91
2019/3/15,25.91
2019/3/18,26.13
2019/3/19,26.22
2019/3/20,26.2
2019/3/21,26.37
2019/3/22,26.37
2019/3/25,26.1
2019/3/26,26.25
2019/3/27,26.28
2019/3/28,26.24
2019/3/29,26.4
2019/4/1,26.51
2019/4/2,26.58
2019/4/3,26.73
2019/4/8,26.93
2019/4/9,27.02
2019/4/10,26.97
2019/4/11,26.89
2019/4/12,26.76
2019/4/15,26.99
2019/4/16,27.25
2019/4/17,27.44
2019/4/18,27.14
2019/4/19,27.35
2019/4/22,27.41
2019/4/23,27.36
2019/4/24,27.57
2019/4/25,27.65
2019/4/26,27.52
2019/4/29,27.35
2019/4/30,27.35
2019/5/2,27.4
2019/5/3,27.56
2019/5/6,27.08
2019/5/7,27.26
2019/5/8,27.2
2019/5/9,26.74
2019/5/10,26.55
2019/5/13,26.09
2019/5/14,26.07
2019/5/15,26.18
2019/5/16,25.92
2019/5/17,25.7
2019/5/20,25.7
2019/5/21,25.76
2019/5/22,25.79
2019/5/23,25.44
2019/5/24,25.44
2019/5/27,25.45
2019/5/28,25.5
2019/5/29,25.39
2019/5/30,25.58
2019/5/31,25.94
2019/6/3,25.84
2019/6/4,25.76
2019/6/5,25.81
2019/6/6,25.69
2019/6/10,25.99
2019/6/11,26.04
2019/6/12,26.1
2019/6/13,26.01
2019/6/14,25.99
2019/6/17,26.05
2019/6/18,26.06
2019/6/19,26.47
2019/6/20,26.61
2019/6/21,26.52
2019/6/24,26.6
2019/6/25,26.47
2019/6/26,26.43
2019/6/27,26.61
2019/6/28,26.59
2019/7/1,26.95
2019/7/2,26.96
2019/7/3,26.78
2019/7/4,26.93
2019/7/5,26.99
2019/7/8,26.96
2019/7/9,26.87
2019/7/10,26.95
2019/7/11,27.11
2019/7/12,27.16
2019/7/15,27.21
2019/7/16,27.26
2019/7/17,27.14
2019/7/18,27.06
2019/7/19,27.06
2019/7/22,27.11
2019/7/23,27.24
2019/7/24,27.28
2019/7/25,27.47
2019/7/26,27.4
2019/7/29,27.37
2019/7/30,27.29
2019/7/31,27.2
2019/8/1,27.1
2019/8/2,26.85
2019/8/5,26.6
2019/8/6,26.52
2019/8/7,26.43
2019/8/8,26.56
2019/8/12,26.9
2019/8/13,26.76
2019/8/14,26.93
2019/8/15,26.82
2019/8/16,26.95
2019/8/19,27.03
2019/8/20,27.07
2019/8/21,27.05
2019/8/22,27.02
2019/8/23,27.02
2019/8/26,26.88
2019/8/27,26.96
2019/8/28,26.97
2019/8/29,27.0
2019/8/30,27.25
2019/9/2,27.44
2019/9/3,27.4
2019/9/4,27.54
2019/9/5,27.71
2019/9/6,27.83
2019/9/9,27.77
2019/9/10,27.74
2019/9/11,27.81
2019/9/12,27.92
2019/9/16,27.94
2019/9/17,28.0
2019/9/18,28.05
2019/9/19,27.97
2019/9/20,27.98
2019/9/23,28.12
2019/9/24,28.33
2019/9/25,28.2
2019/9/26,28.15
2019/9/27,27.88
2019/10/1,28.18
2019/10/2,28.17
2019/10/3,28.12
2019/10/4,28.14
2019/10/7,28.42
2019/10/8,28.44
2019/10/9,28.28
2019/10/14,28.52
2019/10/15,28.45
2019/10/16,28.51
2019/10/17,28.7
2019/10/18,28.82
2019/10/21,28.95
2019/10/22,29.03
2019/10/23,27.54
2019/10/24,27.65
2019/10/25,27.6
2019/10/28,27.7
2019/10/29,27.62
2019/10/30,27.65
2019/10/31,27.58
2019/11/1,27.63
2019/11/4,27.84
2019/11/5,28.03
2019/11/6,27.93
2019/11/7,27.8
2019/11/8,27.88
2019/11/11,27.5
2019/11/12,27.74
2019/11/13,27.79
2019/11/14,27.83
2019/11/15,27.88
2019/11/18,28.05
2019/11/19,28.14
2019/11/20,28.09
2019/11/21,28.0
2019/11/22,28.01
2019/11/25,27.99
2019/11/26,28.06
2019/11/27,28.04
2019/11/28,28.03
2019/11/29,27.75
2019/12/2,27.65
2019/12/3,27.92
2019/12/4,27.88
2019/12/5,28.03
2019/12/6,28.13
2019/12/9,28.21
2019/12/10,28.14
2019/12/11,28.21
2019/12/12,28.31
2019/12/13,28.37
2019/12/16,28.57
2019/12/17,28.71
2019/12/18,28.77
2019/12/19,28.69
2019/12/20,28.8
2019/12/23,28.72
2019/12/24,28.74
2019/12/25,28.83
2019/12/26,28.86
2019/12/27,28.9
2019/12/30,29.0
2019/12/31,28.97
2020/1/2,29.09
2020/1/3,29.18
2020/1/6,28.96
2020/1/7,28.69
2020/1/8,28.5
2020/1/9,28.7
2020/1/10,28.69
2020/1/13,28.84
2020/1/14,29.02
2020/1/15,29.01
2020/1/16,29.1
2020/1/17,29.16
2020/1/20,29.19
2020/1/30,27.7
2020/1/31,27.92
2020/2/3,27.74
2020/2/4,28.12
2020/2/5,28.08
2020/2/6,28.44
2020/2/7,28.23
2020/2/10,28.14
2020/2/11,28.34
2020/2/12,28.56
2020/2/13,28.64
2020/2/14,28.79
2020/2/17,28.8
2020/2/18,28.8
2020/2/19,28.96
2020/2/20,28.93
2020/2/21,28.9
2020/2/24,28.7
2020/2/25,28.67
2020/2/26,28.3
2020/2/27,27.9
2020/3/2,27.75
2020/3/3,27.93
2020/3/4,27.86
2020/3/5,28.1
2020/3/6,27.88
2020/3/9,27.25
2020/3/10,27.25
2020/3/11,26.97
2020/3/12,25.93
2020/3/13,25.29
2020/3/16,24.41
2020/3/17,23.67
2020/3/18,23.29
2020/3/19,21.85
2020/3/20,23.28
2020/3/23,22.49
2020/3/24,23.38
2020/3/25,24.09
2020/3/26,24.26
2020/3/27,24.35
2020/3/30,24.32
2020/3/31,24.49
2020/4/1,24.52
2020/4/6,24.84
2020/4/7,25.22
2020/4/8,25.77
2020/4/9,25.65
2020/4/10,25.73
2020/4/13,25.68
2020/4/14,26.05
2020/4/15,26.47
2020/4/16,26.44
2020/4/17,26.5
2020/4/20,26.6
2020/4/21,26.1
2020/4/22,26.23
2020/4/23,26.34
2020/4/24,26.33
2020/4/27,26.79
2020/4/28,26.91
2020/4/29,27.07
2020/4/30,27.46
2020/5/4,27.09
2020/5/5,27.33
2020/5/6,27.32
2020/5/7,27.4
2020/5/8,27.5
2020/5/11,27.66
2020/5/12,27.55
2020/5/13,27.75
2020/5/14,27.48
2020/5/15,27.43
2020/5/18,27.25
2020/5/19,27.43
2020/5/20,27.48
2020/5/21,27.63
2020/5/22,27.45
2020/5/25,27.5
2020/5/26,27.82
2020/5/27,27.85
2020/5/28,27.9
2020/5/29,27.86
2020/6/1,28.05
2020/6/2,28.17
2020/6/3,28.48
2020/6/4,28.67
2020/6/5,28.8
2020/6/8,28.88
2020/6/9,28.84
2020/6/10,28.86
2020/6/11,28.43
2020/6/12,28.29
2020/6/15,28.13
2020/6/16,28.45
2020/6/17,28.46
2020/6/18,28.55
2020/6/19,28.56
2020/6/22,28.48
2020/6/23,28.54
2020/6/24,28.54
2020/6/29,28.51
2020/6/30,28.56
2020/7/1,28.79
2020/7/2,29.09
2020/7/3,29.33
2020/7/6,29.83
2020/7/7,29.43
2020/7/8,29.72
2020/7/9,29.74
2020/7/10,29.52
2020/7/13,29.65
2020/7/14,29.58
2020/7/15,29.53
2020/7/16,29.63
2020/7/17,29.59
2020/7/20,29.55
2020/7/21,29.84
2020/7/22,29.97
2020/7/23,30.17
2020/7/24,29.85
2020/7/27,29.84
2020/7/28,29.46
2020/7/29,29.62
2020/7/30,29.99
2020/7/31,30.24
2020/8/3,30.01
2020/8/4,30.17
2020/8/5,30.62
2020/8/6,30.7
2020/8/7,30.65
2020/8/10,30.6
2020/8/11,30.35
2020/8/12,30.22
2020/8/13,30.32
2020/8/14,30.63
2020/8/17,30.96
2020/8/18,30.9
2020/8/19,30.77
2020/8/20,29.79
2020/8/21,30.11
2020/8/24,30.14
2020/8/25,30.44
2020/8/26,30.43
2020/8/27,30.33
2020/8/28,30.24
2020/8/31,30.16
2020/9/1,30.06
2020/9/2,30.14
2020/9/3,30.25
2020/9/4,30.09
2020/9/7,29.96
2020/9/8,29.97
2020/9/9,29.85
2020/9/10,29.85
2020/9/11,29.75
2020/9/14,29.98
2020/9/15,30.1
2020/9/16,30.25
2020/9/17,30.23
2020/9/18,30.2
2020/9/21,30.03
2020/9/22,29.8
2020/9/23,29.7
2020/9/24,29.06
2020/9/25,28.9
2020/9/28,29.38
2020/9/29,29.4
2020/9/30,29.48
2020/10/5,29.45
2020/10/6,29.68
2020/10/7,29.65
2020/10/8,29.76
2020/10/12,29.74
2020/10/13,29.71
2020/10/14,29.74
2020/10/15,29.69
2020/10/16,29.56
2020/10/19,29.64
2020/10/20,29.64
2020/10/21,29.59
2020/10/22,29.59
2020/10/23,29.63
2020/10/26,29.69
2020/10/27,29.69
2020/10/28,28.19
2020/10/29,27.98
2020/10/30,27.8
2020/11/2,27.72
2020/11/3,28.01
2020/11/4,28.05
2020/11/5,28.12
2020/11/6,28.19
2020/11/9,28.4
2020/11/10,28.29
2020/11/11,28.5
2020/11/12,28.4
2020/11/13,28.53
2020/11/16,28.8
2020/11/17,28.81
2020/11/18,28.9
2020/11/19,28.86
2020/11/20,28.88
2020/11/23,29.14
2020/11/24,29.11
2020/11/25,29.01
2020/11/26,29.15
2020/11/27,29.32
2020/11/30,29.35
2020/12/1,29.35
2020/12/2,29.44
2020/12/3,29.45
2020/12/4,29.68
2020/12/7,29.85
2020/12/8,29.9
2020/12/9,30.14
2020/12/10,29.94
2020/12/11,29.81
2020/12/14,29.82
2020/12/15,29.51
2020/12/16,29.8
2020/12/17,29.66
2020/12/18,29.61
2020/12/21,29.6
2020/12/22,29.43
2020/12/23,29.42
2020/12/24,29.48
2020/12/25,29.51
2020/12/28,29.75
2020/12/29,29.67
2020/12/30,29.78
2020/12/31,29.95
2021/1/4,29.94
2021/1/5,30.02
2021/1/6,30.0
2021/1/7,30.22
2021/1/8,30.46
2021/1/11,30.61
2021/1/12,30.35
2021/1/13,30.69
2021/1/14,30.92
2021/1/15,30.79
2021/1/18,30.61
2021/1/19,30.74
2021/1/20,30.25
2021/1/21,30.3
2021/1/22,30.53
2021/1/25,30.83
2021/1/26,30.68
2021/1/27,30.95
2021/1/28,30.72
2021/1/29,30.26
2021/2/1,30.25
2021/2/2,30.5
2021/2/3,30.51
2021/2/4,30.51
2021/2/5,30.55
2021/2/17,31.0
2021/2/18,31.13
2021/2/19,31.12
2021/2/22,31.5
2021/2/23,31.8
2021/2/24,31.8
2021/2/25,32.01
2021/2/26,31.9
2021/3/2,31.9
2021/3/3,31.93
2021/3/4,31.8
2021/3/5,31.8
2021/3/8,32.0
2021/3/9,32.0
2021/3/10,32.1
2021/3/11,32.33
2021/3/12,32.43
2021/3/15,32.74
2021/3/16,32.99
2021/3/17,32.95
2021/3/18,33.53
2021/3/19,33.6
2021/3/22,33.6
2021/3/23,33.66
2021/3/24,33.65
2021/3/25,33.66
2021/3/26,33.8
2021/3/29,34.34
2021/3/30,34.6
2021/3/31,34.63
2021/4/1,34.61
2021/4/6,34.74
2021/4/7,34.71
2021/4/8,34.75
2021/4/9,34.7
2021/4/12,34.69
2021/4/13,34.47
2021/4/14,34.35
2021/4/15,34.5
2021/4/16,34.94
2021/4/19,35.2
2021/4/20,35.33
2021/4/21,35.53
2021/4/22,35.4
2021/4/23,35.3
2021/4/26,35.99
2021/4/27,35.98
2021/4/28,35.98
2021/4/29,36.12
2021/5/3,35.91
2021/5/4,35.3
2021/5/5,35.35
2021/5/6,35.3
2021/5/7,35.72
2021/5/10,35.88
2021/5/11,34.7
2021/5/12,33.5
2021/5/13,33.4
2021/5/14,33.65
2021/5/17,32.75
2021/5/18,34.01
2021/5/19,34.1
2021/5/20,33.86
2021/5/21,34.0
2021/5/24,34.05
2021/5/25,34.34
2021/5/26,34.32
2021/5/27,34.28
2021/5/28,34.55
2021/5/31,34.75
2021/6/1,35.06
2021/6/2,34.96
2021/6/3,34.95
2021/6/4,34.77
2021/6/7,34.72
2021/6/8,34.65
2021/6/9,34.45
2021/6/10,34.6
2021/6/11,34.55
2021/6/15,34.65
2021/6/16,34.78
2021/6/17,34.9
2021/6/18,34.91
2021/6/21,34.55
2021/6/22,34.43
2021/6/23,34.45
2021/6/24,34.66
2021/6/25,34.74
2021/6/28,35.1
2021/6/29,34.8
2021/6/30,35.0
2021/7/1,35.0
2021/7/2,35.2
2021/7/5,35.69
2021/7/6,35.91
2021/7/7,35.61
2021/7/8,35.8
2021/7/9,35.44
2021/7/12,35.27
2021/7/13,34.85
2021/7/14,34.48
2021/7/15,34.98
2021/7/16,35.12
2021/7/19,35.14
2021/7/20,34.56
2021/7/21,34.13
2021/7/22,34.21
2021/7/23,34.47
2021/7/26,34.5
2021/7/27,34.07
2021/7/28,33.89
2021/7/29,34.1
2021/7/30,33.9
2021/8/2,34.0
2021/8/3,34.15
2021/8/4,34.35
2021/8/5,34.2
2021/8/6,34.25
2021/8/9,34.1
2021/8/10,33.79
2021/8/11,33.49
2021/8/12,33.51
2021/8/13,33.27
2021/8/16,32.86
2021/8/17,32.53
2021/8/18,33.07
2021/8/19,32.32
2021/8/20,32.26
2021/8/23,32.88
2021/8/24,32.8
2021/8/25,33.0
2021/8/26,32.99
2021/8/27,33.11
2021/8/30,33.29
2021/8/31,33.38
2021/9/1,33.39
2021/9/2,33.16
2021/9/3,33.24
2021/9/6,33.07
2021/9/7,33.16
2021/9/8,32.8
2021/9/9,32.94
2021/9/10,33.22
2021/9/13,33.41
2021/9/14,33.36
2021/9/15,33.33
2021/9/16,33.28
2021/9/17,33.42
2021/9/22,32.9
2021/9/23,33.08
2021/9/24,33.3
2021/9/27,33.3
2021/9/28,33.08
2021/9/29,32.7
2021/9/30,32.77
2021/10/1,32.26
2021/10/4,31.84
2021/10/5,31.96
2021/10/6,31.88
2021/10/7,32.57
2021/10/8,32.59
2021/10/12,32.24
2021/10/13,32.17
2021/10/14,32.18
2021/10/15,32.31
2021/10/18,32.36
2021/10/19,32.4
2021/10/20,32.37
2021/10/21,32.4
2021/10/22,30.84
2021/10/25,30.86
2021/10/26,31.05
2021/10/27,31.15
2021/10/28,31.39
2021/10/29,31.45
2021/11/1,31.56
2021/11/2,31.53
2021/11/3,31.77
2021/11/4,31.86
2021/11/5,31.95
2021/11/8,32.39
2021/11/9,32.35
2021/11/10,32.34
2021/11/11,32.15
2021/11/12,32.2
2021/11/15,32.43
2021/11/16,32.59
2021/11/17,32.71
2021/11/18,32.98
2021/11/19,32.93
2021/11/22,32.93
2021/11/23,32.63
2021/11/24,32.61
2021/11/25,32.65
2021/11/26,32.35
2021/11/29,32.22
2021/11/30,32.3
2021/12/1,32.5
2021/12/2,32.47
2021/12/3,32.65
2021/12/6,32.86
2021/12/7,33.03
2021/12/8,33.18
2021/12/9,33.32
2021/12/10,33.3
2021/12/13,33.33
2021/12/14,32.95
2021/12/15,33.04
2021/12/16,33.45
2021/12/17,33.43
2021/12/20,33.41
2021/12/21,33.36
2021/12/22,33.3
2021/12/23,33.34
2021/12/24,33.29
2021/12/27,33.38
2021/12/28,33.56
2021/12/29,33.61
2021/12/30,33.58
2022/1/3,33.42
2022/1/4,33.41
2022/1/5,33.45
2022/1/6,33.41
2022/1/7,33.17
2022/1/10,33.27
2022/1/11,33.2
2022/1/12,33.1
2022/1/13,33.2
2022/1/14,33.15
2022/1/17,33.22
2022/1/18,33.45
2022/1/19,33.21
2022/1/20,33.36
2022/1/21,32.84
2022/1/24,32.72
2022/1/25,32.34
2022/1/26,32.4
2022/2/7,33.0
2022/2/8,33.3
2022/2/9,33.5
2022/2/10,33.49
2022/2/11,33.43
2022/2/14,33.13
2022/2/15,33.1
2022/2/16,33.27
2022/2/17,33.34
2022/2/18,33.5
2022/2/21,33.8
2022/2/22,33.49
2022/2/23,33.75
2022/2/24,33.19
2022/2/25,33.33
2022/3/1,33.88
2022/3/2,33.97
2022/3/3,34.22
2022/3/4,34.04
2022/3/7,33.45
2022/3/8,33.0
2022/3/9,33.36
2022/3/10,33.89
2022/3/11,33.9
2022/3/14,34.13
2022/3/15,33.78
2022/3/16,33.71
2022/3/17,34.01
2022/3/18,33.9
2022/3/21,33.95
2022/3/22,33.87
2022/3/23,33.96
2022/3/24,33.96
2022/3/25,33.81
2022/3/28,33.78
2022/3/29,33.64
2022/3/30,33.7
2022/3/31,33.63
2022/4/1,33.55
2022/4/6,33.47
2022/4/7,32.9
2022/4/8,33.17
2022/4/11,32.81
2022/4/12,32.69
2022/4/13,33.11
2022/4/14,33.07
2022/4/15,32.9
2022/4/18,32.68
2022/4/19,32.85
2022/4/20,32.83
2022/4/21,32.9
2022/4/22,32.78
2022/4/25,32.03
2022/4/26,31.93
2022/4/27,31.48
2022/4/28,31.72
2022/4/29,32.01
2022/5/3,32.09
2022/5/4,32.31
2022/5/5,32.54
2022/5/6,32.25
2022/5/9,31.57
2022/5/10,31.65
2022/5/11,31.17
2022/5/12,30.63
2022/5/13,30.8
2022/5/16,30.72
2022/5/17,30.69
2022/5/18,31.01
2022/5/19,30.68
2022/5/20,30.72
2022/5/23,30.86
2022/5/24,30.7
2022/5/25,30.88
2022/5/26,30.8
2022/5/27,31.08
2022/5/30,31.43
2022/5/31,31.4
2022/6/1,31.52
2022/6/2,31.4
2022/6/6,31.48
2022/6/7,31.44
2022/6/8,31.6
2022/6/9,31.3
2022/6/10,31.08
2022/6/13,30.51
2022/6/14,30.48
2022/6/15,30.39
2022/6/16,29.94
2022/6/17,29.62
2022/6/20,28.87
2022/6/21,29.28
2022/6/22,28.5
2022/6/23,28.05
2022/6/24,28.1
2022/6/27,28.86
2022/6/28,28.53
2022/6/29,28.14
2022/6/30,27.56
2022/7/1,26.81
2022/7/4,26.68
2022/7/5,26.96
2022/7/6,26.32
2022/7/7,26.76
2022/7/8,27.25
2022/7/11,27.25
2022/7/12,26.62
2022/7/13,27.08
2022/7/14,27.18
2022/7/15,27.09
2022/7/18,27.48
2022/7/19,27.68
2022/7/20,28.0
2022/7/21,28.38
2022/7/22,28.4
2022/7/25,28.33
2022/7/26,28.12
2022/7/27,28.25
2022/7/28,28.18
2022/7/29,28.55
2022/8/1,28.76
2022/8/2,28.45
2022/8/3,28.44
2022/8/4,28.43
2022/8/5,28.87
2022/8/8,28.87
2022/8/9,29.07
2022/8/10,28.81
2022/8/11,29.12
2022/8/12,29.3
2022/8/15,29.22
2022/8/16,29.24
2022/8/17,29.28
2022/8/18,29.29
2022/8/19,29.42
2022/8/22,29.25
2022/8/23,28.93
2022/8/24,28.8
2022/8/25,28.94
2022/8/26,29.1
2022/8/29,28.45
2022/8/30,28.67
2022/8/31,28.79
2022/9/1,28.44
2022/9/2,28.1
2022/9/5,28.18
2022/9/6,28.08
2022/9/7,27.9
2022/9/8,28.25
2022/9/12,28.56
2022/9/13,28.71
2022/9/14,28.35
2022/9/15,28.59
2022/9/16,28.28
2022/9/19,28.06
2022/9/20,27.98
2022/9/21,27.64
2022/9/22,27.17
2022/9/23,27.06
2022/9/26,26.33
2022/9/27,26.33
2022/9/28,25.83
2022/9/29,25.81
2022/9/30,25.78
2022/10/3,25.67
2022/10/4,26.27
2022/10/5,26.62
2022/10/6,26.57
2022/10/7,26.28
2022/10/11,25.85
2022/10/12,25.82
2022/10/13,25.53
2022/10/14,25.91
2022/10/17,25.77
2022/10/18,25.84
2022/10/19,23.95
2022/10/20,23.65
2022/10/21,23.58
2022/10/24,23.69
2022/10/25,23.4
2022/10/26,23.41
2022/10/27,23.58
2022/10/28,23.31
2022/10/31,23.48
2022/11/1,23.55
2022/11/2,23.67
2022/11/3,23.58
2022/11/4,23.64
2022/11/7,24.06
2022/11/8,24.23
2022/11/9,24.61
2022/11/10,24.53
2022/11/11,25.0
2022/11/14,25.42
2022/11/15,25.55
2022/11/16,25.53
2022/11/17,25.58
2022/11/18,25.43
2022/11/21,25.22
2022/11/22,25.1
2022/11/23,25.3
2022/11/24,25.54
2022/11/25,25.52
2022/11/28,25.32
2022/11/29,25.47
2022/11/30,25.65
2022/12/1,25.82
2022/12/2,25.73
2022/12/5,25.87
2022/12/6,25.61
2022/12/7,25.44
2022/12/8,25.29
2022/12/9,25.51
2022/12/12,25.5
2022/12/13,25.53
2022/12/14,25.68
2022/12/15,25.7
2022/12/16,25.7
2022/12/19,25.73
2022/12/20,25.3
2022/12/21,25.34
2022/12/22,25.67
2022/12/23,25.6
2022/12/26,25.58
2022/12/27,25.63
2022/12/28,25.38
2022/12/29,25.29
2022/12/30,25.4
2023/1/3,25.49
2023/1/4,25.45
2023/1/5,25.46
2023/1/6,25.66
2023/1/9,25.94
2023/1/10,26.06
2023/1/11,26.07
2023/1/12,25.99
2023/1/13,25.98
2023/1/16,26.02
2023/1/17,26.06
2023/1/30,26.53
2023/1/31,26.54
2023/2/1,26.67
2023/2/2,26.99
2023/2/3,27.0
2023/2/6,26.92
2023/2/7,26.94
2023/2/8,27.15
2023/2/9,27.15
2023/2/10,27.02
2023/2/13,26.97
2023/2/14,27.13
2023/2/15,27.05
2023/2/16,27.33
2023/2/17,27.24
2023/2/20,27.41
2023/2/21,27.53
2023/2/22,27.4
2023/2/23,27.74
2023/2/24,27.67
2023/3/1,27.72
2023/3/2,27.78
2023/3/3,27.95
2023/3/6,28.25
2023/3/7,28.38
2023/3/8,28.37
2023/3/9,28.24
2023/3/10,27.86
2023/3/13,27.93
2023/3/14,27.66
2023/3/15,27.66
2023/3/16,27.5
2023/3/17,27.76
2023/3/20,27.76
2023/3/21,27.84
2023/3/22,28.05
2023/3/23,28.12
2023/3/24,28.26
2023/3/27,28.31
2023/3/28,28.06
2023/3/29,28.15
2023/3/30,28.29
2023/3/31,28.43
2023/4/6,28.47
2023/4/7,28.43
2023/4/10,28.5
2023/4/11,28.7
2023/4/12,28.85
2023/4/13,28.71
2023/4/14,28.74
2023/4/17,28.8
2023/4/18,28.67
2023/4/19,28.55
2023/4/20,28.43
2023/4/21,28.19
2023/4/24,28.27
2023/4/25,27.8
2023/4/26,27.84
2023/4/27,28.02
2023/4/28,28.23
2023/5/2,28.44
2023/5/3,28.42
2023/5/4,28.45
2023/5/5,28.47
2023/5/8,28.67
2023/5/9,28.64
2023/5/10,28.54
2023/5/11,28.4
2023/5/12,28.45
2023/5/15,28.42
2023/5/16,28.65
2023/5/17,28.76
2023/5/18,29.05
2023/5/19,29.31
2023/5/22,29.35
2023/5/23,29.37
2023/5/24,29.43
2023/5/25,29.78
2023/5/26,30.13
2023/5/29,30.65
2023/5/30,30.52
2023/5/31,30.49
2023/6/1,30.47
2023/6/2,30.93
2023/6/5,31.1
2023/6/6,31.15
2023/6/7,31.46
2023/6/8,31.24
2023/6/9,31.78
2023/6/12,31.78
2023/6/13,32.2
2023/6/14,32.32
2023/6/15,32.69
2023/6/16,32.78
2023/6/19,32.73
2023/6/20,32.48
2023/6/21,32.83
2023/6/26,32.77
2023/6/27,32.18
2023/6/28,32.3
2023/6/29,32.53
2023/6/30,32.67
2023/7/3,33.24
2023/7/4,33.91
2023/7/5,33.71
2023/7/6,33.34
2023/7/7,33.08
2023/7/10,33.18
2023/7/11,33.8
2023/7/12,34.3
2023/7/13,34.82
2023/7/14,35.54
2023/7/17,35.94
2023/7/18,35.11
2023/7/19,34.36
2023/7/20,34.71
2023/7/21,35.26
2023/7/24,35.99
2023/7/25,36.05
2023/7/26,36.02
2023/7/27,36.1
2023/7/28,36.58
2023/7/31,35.74
2023/8/1,35.73
2023/8/2,34.51
2023/8/4,34.74
2023/8/7,35.7
2023/8/8,35.59
2023/8/9,35.35
2023/8/10,34.43
2023/8/11,34.56
2023/8/14,34.28
2023/8/15,34.85
2023/8/16,35.14
2023/8/17,35.33
2023/8/18,34.84
2023/8/21,34.85
2023/8/22,35.11
2023/8/23,35.43
2023/8/24,35.76
2023/8/25,35.14
2023/8/28,35.06
2023/8/29,35.16
2023/8/30,35.35
2023/8/31,35.31
2023/9/1,35.12
2023/9/4,35.27
2023/9/5,35.43
2023/9/6,35.6
2023/9/7,35.45
2023/9/8,35.42
2023/9/11,34.79
2023/9/12,34.8
2023/9/13,34.86
2023/9/14,35.31
2023/9/15,35.58
2023/9/18,35.31
2023/9/19,35.14
2023/9/20,35.05
2023/9/21,34.7
2023/9/22,34.89
2023/9/25,35.08
2023/9/26,34.76
2023/9/27,34.87
2023/9/28,35.06
2023/10/2,35.74
2023/10/3,35.6
2023/10/4,35.39
2023/10/5,35.69
2023/10/6,35.79
2023/10/11,35.78
2023/10/12,35.98
2023/10/13,35.72
2023/10/16,35.52
2023/10/17,35.27
2023/10/18,34.9
2023/10/19,33.65
2023/10/20,33.4
2023/10/23,33.08
2023/10/24,33.47
2023/10/25,33.62
2023/10/26,33.1
2023/10/27,33.13
2023/10/30,33.23
2023/10/31,32.69
2023/11/1,32.89
2023/11/2,33.52
2023/11/3,33.69
2023/11/6,34.24
2023/11/7,34.23
2023/11/8,34.54
2023/11/9,34.55
2023/11/10,34.43
2023/11/13,34.54
2023/11/14,34.68
2023/11/15,34.83
2023/11/16,34.77
2023/11/17,34.82
2023/11/20,34.9
2023/11/21,35.3
2023/11/22,35.05
2023/11/23,34.97
2023/11/24,34.94
2023/11/27,34.75
2023/11/28,34.9
2023/11/29,35.09
2023/11/30,35.08
2023/12/1,35.13
2023/12/4,35.19
2023/12/5,35.05
2023/12/6,35.31
2023/12/7,35.25
2023/12/8,35.42
2023/12/11,35.47
2023/12/12,35.58
2023/12/13,36.06
2023/12/14,36.55
2023/12/15,36.36
2023/12/18,36.38
2023/12/19,36.1
2023/12/20,36.57
2023/12/21,36.33
2023/12/22,36.37
2023/12/25,36.65
2023/12/26,37.0
2023/12/27,37.42
2023/12/28,37.33
2023/12/29,37.4
2024/1/2,37.17
2024/1/3,36.68
2024/1/4,36.59
2024/1/5,36.55
2024/1/8,36.57
2024/1/9,36.49
2024/1/10,36.24
2024/1/11,36.39
2024/1/12,36.33
2024/1/15,36.42
2024/1/16,36.37
2024/1/17,35.19
2024/1/18,35.12
2024/1/19,35.65
2024/1/22,36.14
2024/1/23,36.2
2024/1/24,36.23
2024/1/25,36.29
2024/1/26,36.07
2024/1/29,36.28
2024/1/30,36.36
2024/1/31,36.2
2024/2/1,36.3
2024/2/2,36.45
2024/2/5,36.45
2024/2/15,36.86
2024/2/16,37.07
2024/2/19,37.14
2024/2/20,37.39
2024/2/21,37.29
2024/2/22,37.65
2024/2/23,37.59
2024/2/26,37.68
2024/2/27,37.51
2024/2/29,37.7
2024/3/1,37.74
2024/3/4,38.0
2024/3/5,38.16
2024/3/6,38.53
2024/3/7,38.68
2024/3/8,38.45
2024/3/11,38.43
2024/3/12,38.99
2024/3/13,39.08
2024/3/14,38.72
2024/3/15,39.02
2024/3/18,39.36
2024/3/19,39.7
2024/3/20,39.63
2024/3/21,39.93
2024/3/22,39.8
2024/3/25,39.62
2024/3/26,39.24
2024/3/27,39.55
2024/3/28,39.74
2024/3/29,39.86
2024/4/1,39.59
2024/4/2,39.88
2024/4/3,39.75
2024/4/8,39.92
2024/4/9,39.99
2024/4/10,40.2
2024/4/11,40.09
2024/4/12,39.98
2024/4/15,39.62
2024/4/16,38.49
2024/4/17,38.94
2024/4/18,38.18
2024/4/19,37.27
2024/4/22,36.92
2024/4/23,37.12
2024/4/24,37.85
2024/4/25,37.51
2024/4/26,37.69
2024/4/29,38.34
2024/4/30,38.32
2024/5/2,38.35
2024/5/3,38.45
2024/5/6,38.88
2024/5/7,38.97
2024/5/8,39.02
2024/5/9,38.92
2024/5/10,39.04
2024/5/13,39.04
2024/5/14,39.26
2024/5/15,39.3
2024/5/16,39.6
2024/5/17,39.51
2024/5/20,39.66
2024/5/21,39.5
2024/5/22,40.04
2024/5/23,40.01
2024/5/24,40.1
2024/5/27,40.74
2024/5/28,40.81
2024/5/29,40.59
2024/5/30,40.03
2024/5/31,39.93
2024/6/3,40.32
2024/6/4,40.01
2024/6/5,39.86
2024/6/6,40.05
2024/6/7,40.01
2024/6/11,39.95
2024/6/12,39.97
2024/6/13,40.42
2024/6/14,40.55
2024/6/17,40.79
2024/6/18,40.96
2024/6/19,41.52
2024/6/20,41.95
2024/6/21,41.9
2024/6/24,41.41
2024/6/25,41.3
2024/6/26,41.2
2024/6/27,40.91
2024/6/28,41.12
2024/7/1,41.35
2024/7/2,41.1
2024/7/3,41.42
2024/7/4,41.88
2024/7/5,41.94
2024/7/8,42.14
2024/7/9,42.09
2024/7/10,42.34
2024/7/11,42.65
2024/7/12,42.39
2024/7/15,42.37
2024/7/16,41.3
2024/7/17,41.0
2024/7/18,40.4
2024/7/19,39.81
2024/7/22,39.04
2024/7/23,39.47
2024/7/26,38.82
2024/7/29,38.42
2024/7/30,38.37
2024/7/31,38.37
2024/8/1,39.15
2024/8/2,38.0
2024/8/5,35.11
2024/8/6,35.81
2024/8/7,36.99
2024/8/8,36.77
2024/8/9,37.35
2024/8/12,37.88
2024/8/13,37.98
2024/8/14,38.36
2024/8/15,38.17
2024/8/16,38.82
2024/8/19,38.83
2024/8/20,38.91
2024/8/21,38.66
2024/8/22,38.58
2024/8/23,38.61
2024/8/26,39.02
2024/8/27,38.87
2024/8/28,38.99
2024/8/29,39.01
2024/8/30,39.06
2024/9/2,39.06
2024/9/3,38.98
2024/9/4,37.59
2024/9/5,37.63
2024/9/6,37.87
2024/9/9,37.66
2024/9/10,37.18
2024/9/11,37.15
2024/9/12,37.77
2024/9/13,37.82
2024/9/16,37.98
2024/9/18,37.72
2024/9/19,37.97
2024/9/20,38.15
2024/9/23,38.25
2024/9/24,38.24
2024/9/25,38.73
2024/9/26,38.75
2024/9/27,39.01
2024/9/30,38.66
2024/10/1,38.57
2024/10/4,38.35
2024/10/7,38.64
2024/10/8,38.43
2024/10/9,38.43
2024/10/11,38.6
2024/10/14,38.7
2024/10/15,39.1
2024/10/16,39.02
2024/10/17,38.12
2024/10/18,38.06
2024/10/21,38.09
2024/10/22,38.16
2024/10/23,38.01
2024/10/24,37.81
2024/10/25,37.97
2024/10/28,37.94
2024/10/29,37.49
2024/10/30,37.42
2024/11/1,37.34
2024/11/4,37.48
2024/11/5,37.68
2024/11/6,37.79
2024/11/7,38.16
2024/11/8,38.13
2024/11/11,38.08
2024/11/12,37.52
2024/11/13,37.49
2024/11/14,37.08
2024/11/15,37.14
2024/11/18,37.0
2024/11/19,37.25
2024/11/20,37.1
2024/11/21,37.1
2024/11/22,37.33
2024/11/25,37.48
2024/11/26,37.31
2024/11/27,36.71
2024/11/28,36.5
2024/11/29,36.6
2024/12/2,37.02
2024/12/3,37.05
2024/12/4,37.09
2024/12/5,37.21
2024/12/6,37.3
2024/12/9,37.3
2024/12/10,37.05
2024/12/11,36.91
2024/12/12,37.02
2024/12/13,36.88
2024/12/16,36.54
2024/12/17,36.48
2024/12/18,36.8
2024/12/19,36.63
2024/12/20,36.42
2024/12/23,36.85
2024/12/24,36.96
2024/12/25,36.99
2024/12/26,37.09
2024/12/27,37.05
2024/12/30,36.83
2024/12/31,36.68
2025/1/2,36.7
2025/1/3,36.78
2025/1/6,37.22
2025/1/7,37.3
2025/1/8,37.3
2025/1/9,36.73
2025/1/10,36.56
2025/1/13,36.0
2025/1/14,36.36
2025/1/15,36.12
2025/1/16,36.39
2025/1/17,35.35
2025/1/20,35.52
2025/1/21,35.64
2025/1/22,35.78
2025/2/3,35.45
2025/2/4,35.2
2025/2/5,35.62
2025/2/6,35.71
2025/2/7,35.85
2025/2/10,35.88
2025/2/11,36.02
2025/2/12,36.02
2025/2/13,36.34
2025/2/14,36.29
2025/2/17,36.6
2025/2/18,36.68
2025/2/19,36.84
2025/2/20,36.83
2025/2/21,37.0
2025/2/24,36.98
2025/2/25,36.9
2025/2/26,37.09
2025/2/27,36.71
2025/3/3,36.53
2025/3/4,36.46
2025/3/5,36.7
2025/3/6,36.76
2025/3/7,36.6
2025/3/10,36.42
2025/3/11,36.17
2025/3/12,36.17
2025/3/13,35.93
2025/3/14,35.89
2025/3/17,36.13
2025/3/18,36.41
2025/3/19,36.15
2025/3/20,36.46
2025/3/21,36.4
2025/3/24,36.3
2025/3/25,36.25
2025/3/26,36.35
2025/3/27,36.07
2025/3/28,35.8
2025/3/31,34.76
2025/4/1,35.26
2025/4/2,35.17
2025/4/7,31.66
2025/4/8,30.6
2025/4/9,28.69
2025/4/10,31.55
2025/04/11,31.13230323791504
2025/04/14,31.56724739074707
2025/04/15,32.03118896484375
2025/04/16,31.75088882446289
2025/04/17,31.509254455566406
2025/04/18,31.59624290466309
2025/04/21,31.28695106506348
2025/04/22,30.90999984741211
2025/04/23,31.6200008392334
2025/04/24,31.459999084472656
2025/04/25,31.96999931335449
2025/04/28,32.150001525878906
2025/04/29,32.34000015258789
2025/04/30,32.220001220703125
2025/05/02,32.63999938964844
2025/05/05,32.369998931884766
2025/05/06,32.68000030517578
2025/05/07,32.63999938964844
2025/05/08,32.84000015258789
2025/05/09,33.11000061035156
2025/05/12,33.470001220703125
2025/05/13,33.880001068115234
2025/05/14,34.439998626708984
2025/05/15,34.38999938964844
2025/05/16,34.5099983215332
2025/05/19,34.20000076293945
2025/05/20,34.189998626708984
2025/05/21,34.560001373291016
2025/05/22,34.45000076293945
2025/05/23,34.290000915527344
2025/05/26,34.20000076293945
2025/05/27,33.93000030517578
2025/05/28,33.939998626708984
2025/05/29,34.08000183105469
2025/06/02,33.529998779296875
2025/06/03,33.790000915527344
2025/06/04,34.09000015258789
2025/06/05,34.0099983215332
2025/06/06,34.0099983215332
2025/06/09,34.13999938964844
2025/06/10,34.529998779296875
2025/06/11,34.59000015258789
2025/06/12,34.59000015258789
2025/06/13,34.59000015258789
2025/06/16,34.599998474121094
2025/06/17,34.650001525878906
2025/06/18,34.70000076293945
2025/06/19,34.40999984741211
2025/06/20,34.209999084472656
2025/06/23,33.900001525878906
2025/06/24,34.45000076293945
2025/06/25,34.61000061035156
2025/06/26,34.650001525878906
2025/06/27,34.689998626708984
2025/06/30,34.619998931884766
2025/07/01,34.709999084472656
2025/07/02,34.849998474121094
2025/07/03,35.150001525878906
2025/07/04,34.88999938964844
2025/07/07,34.83000183105469
2025/07/08,34.650001525878906
2025/07/09,34.95000076293945
2025/07/10,35.040000915527344
2025/07/11,35.20000076293945
2025/07/14,35.029998779296875
2025/07/15,35.2599983215332
2025/07/16,35.47999954223633
2025/07/17,35.540000915527344
2025/07/18,35.599998474121094
2025/07/21,34.79999923706055
2025/07/22,34.41999816894531
2025/07/23,34.779998779296875
2025/07/24,34.849998474121094
2025/07/25,34.869998931884766
2025/07/28,34.959999084472656
2025/07/29,34.70000076293945
2025/07/30,34.77000045776367
2025/07/31,34.790000915527344
2025/08/01,34.810001373291016
2025/08/04,34.790000915527344
2025/08/05,35.11000061035156
2025/08/06,35.099998474121094
2025/08/07,35.189998626708984
2025/08/08,35.2400016784668
2025/08/11,35.22999954223633
2025/08/12,35.209999084472656
2025/08/13,35.06999969482422
2025/08/14,35.04999923706055
2025/08/15,35.029998779296875
2025/08/18,35.099998474121094
2025/08/19,35.0099983215332
2025/08/20,34.5
2025/08/21,34.709999084472656
2025/08/22,34.599998474121094
2025/08/25,34.939998626708984
2025/08/26,34.90999984741211
2025/08/27,35.040000915527344
2025/08/28,35.040000915527344
2025/08/29,34.9900016784668
2025/09/01,34.65999984741211
2025/09/02,34.66999816894531
2025/09/03,34.7599983215332
2025/09/04,34.90999984741211
2025/09/05,35.11000061035156
2025/09/08,35.40999984741211
2025/09/09,35.65999984741211
2025/09/10,36.06999969482422
2025/09/11,35.970001220703125
2025/09/12,36.18000030517578
2025/09/15,36.220001220703125
2025/09/16,36.310001373291016
2025/09/17,36.18000030517578
2025/09/18,36.400001525878906
2025/09/19,36.560001373291016
2025/09/22,36.79999923706055
2025/09/23,36.93999862670898
2025/09/24,36.88999938964844
2025/09/25,36.959999084472656
2025/09/26,36.5099983215332
2025/09/29,36.5099983215332
2025/09/30,36.79999923706055
2025/10/01,36.810001373291016
2025/10/02,37.02999877929688
2025/10/03,37.040000915527344
2025/10/07,37.459999084472656
2025/10/08,37.43000030517578
2025/10/09,37.41999816894531
2025/10/13,36.93999862670898
2025/10/14,36.59000015258789
2025/10/15,36.66999816894531
2025/10/16,37.18999862670898
2025/10/17,37.11000061035156
2025/10/20,37.4900016784668
2025/10/21,37.65999984741211
2025/10/22,36.88399887084961
2025/10/23,36.810001373291016
2025/10/27,37.2400016784668
2025/10/28,37.130001068115234
2025/10/29,37.470001220703125
2025/10/30,37.400001525878906
2025/10/31,37.459999084472656
2025/11/03,37.33000183105469
2025/11/04,36.959999084472656
2025/11/05,36.77999877929688
2025/11/06,36.95000076293945
2025/11/07,36.54999923706055
2025/11/10,36.56999969482422
2025/11/11,36.40999984741211
2025/11/12,36.459999084472656
2025/11/13,36.5099983215332
2025/11/14,36.130001068115234
2025/11/17,35.790000915527344
2025/11/18,35.0
2025/11/19,34.7400016784668
2025/11/20,35.5
2025/11/21,35.0
2025/11/24,35.150001525878906
2025/11/25,35.150001525878906
2025/11/26,35.689998626708984
2025/11/27,36.130001068115234
2025/11/28,36.02000045776367
2025/12/01,36.0
2025/12/02,36.11000061035156
2025/12/03,36.310001373291016
2025/12/04,36.400001525878906
